execution_order,graph_id,code_length,target_order_within_instance,target_r,run_order_within_target,initialisation_class,initialisation_id,restart_index,seed,kernel_config_sha256,proposal_budget,proposals_executed,swap_proposals,replacement_proposals,accepted_moves,stopping_reason,success,first_success_proposal,initial_violation_count,initial_total_excess,initial_maximum_excess,initial_maximum_distance_edge_count,initial_total_local_hamming,best_violation_count,best_total_excess,best_maximum_excess,best_maximum_distance_edge_count,best_total_local_hamming,final_violation_count,final_total_excess,final_maximum_excess,final_maximum_distance_edge_count,final_total_local_hamming,initial_state_sha256,best_state_sha256,final_state_sha256,checkpoint_sha256
1,icosphere_l2,8,1,2,1,stage4_witness,m8_r4,0,10764238611498913600,504e0a4fe560587dfbe701876f75e5ab89a1824f1f251fd562d5e09fccf9217b,150000,150000,37415,112585,1652,proposal_budget_exhausted,False,,313,480,2,167,1391,21,24,2,3,848,21,24,2,3,848,b633a8281dc3f1fb867ea08e1caa4bad97c21ab5a70fc14fc0ba312237d5a09a,2ac7fe15a9721bd6000c8d7e52fdca9fa511a11456d16e21e73d7fd526770790,a9f936dc8de604f3ae0d27170cdbb452f866b49d8bf3f0f0163d812d6d606ae3,bbb756b37d21c2c744ce93ab329de9268a20c7e64be835d6aed2556f764a4974
1,icosphere_l2,8,1,2,2,stage4_witness,m8_r4,1,13948743919430557256,504e0a4fe560587dfbe701876f75e5ab89a1824f1f251fd562d5e09fccf9217b,150000,150000,37635,112365,1655,proposal_budget_exhausted,False,,313,480,2,167,1391,24,29,2,5,855,24,29,2,5,855,b633a8281dc3f1fb867ea08e1caa4bad97c21ab5a70fc14fc0ba312237d5a09a,771f3748dba9a1af36d2aed67dae94d0965d7b2cfdd879caf8d4402695fb4306,82013658b598a9bc2c3aaeb8064eca2cfdca4b9375f5b47ef64af83e57917d25,1a4b89a8583706e629b4a041a62ca5865bbfc6c24f8544fc4e4c3917fa8b0a55
1,icosphere_l2,8,1,2,3,stage3_baseline,canonical_index_binary,0,3640590775910135664,504e0a4fe560587dfbe701876f75e5ab89a1824f1f251fd562d5e09fccf9217b,150000,150000,37340,112660,1754,proposal_budget_exhausted,False,,324,741,6,2,1638,14,17,2,3,830,14,17,2,3,830,c96659d499594419a99d7d6e2587cc6ae519794e2e1229fbd0deb1ada399b5a0,6b8f163b2e3085813620f01fac019fa1c179a9a08aa39f57407c06ec98fc8ba2,c60b49f71d82d962f94951611ad93a11c64de563d51b04d023110b0f6d487af2,569d4615470646924908e33e705693972df451c3ddeb2e61d3f530d7642e0c08
1,icosphere_l2,8,1,2,4,stage3_baseline,canonical_index_binary,1,10028045686766961361,504e0a4fe560587dfbe701876f75e5ab89a1824f1f251fd562d5e09fccf9217b,150000,150000,37367,112633,1772,proposal_budget_exhausted,False,,324,741,6,2,1638,20,24,2,4,824,20,24,2,4,824,c96659d499594419a99d7d6e2587cc6ae519794e2e1229fbd0deb1ada399b5a0,58d49a4d61ee7654ffd6ffb39a2625fd425c68780003847d09e4be47aa488b6a,58d49a4d61ee7654ffd6ffb39a2625fd425c68780003847d09e4be47aa488b6a,0af7a8f6a7ec09c4506e0a75e0a7da1d43adbd23706deef6e437bea2b817fbfd
1,icosphere_l2,8,1,2,5,deterministic_random,deterministic_random_seed_17798449937275197381,0,6160430743627687681,504e0a4fe560587dfbe701876f75e5ab89a1824f1f251fd562d5e09fccf9217b,150000,150000,37460,112540,1809,proposal_budget_exhausted,False,,417,955,6,4,1906,24,30,2,6,881,24,30,2,6,881,1fa5710e9e876449c6efa00f059c58d412d3df78bde50dbc0986df8ffc8d9805,80a9be67295c02870bd73a243a05c18452be07cfbe688a2825d7828de2f80afa,d465e884c63b91053b929646d5f11cd0938c4787f9835f96443848fda27370ee,f267405e9504e8c10dd5dc9a035d868440e9043dc3a4543545ed300ea7b67d6f
1,icosphere_l2,8,1,2,6,deterministic_random,deterministic_random_seed_12488477213605269481,1,9970770334342544187,504e0a4fe560587dfbe701876f75e5ab89a1824f1f251fd562d5e09fccf9217b,150000,150000,37663,112337,1873,proposal_budget_exhausted,False,,415,979,6,3,1928,22,25,2,3,845,22,25,2,3,845,0f7fdd1642ba9a47d044f22b3d0ac3f26082eb5a478e491a2c97d6a7767ad669,72966bdbc97ea6d996522410de6c870c5836167f5ed3f6bc39b40050468436cc,bd080d7e7a2546a2fdb462e4ae60082350cb99a59b5d8aa9678997f78ace7b7e,c50f64b44870cff96af0398a16cf69d995af50adcda69c3fe888dde58ffe7c11
1,icosphere_l2,8,2,3,1,stage4_witness,m8_r4,0,7726398136580327770,504e0a4fe560587dfbe701876f75e5ab89a1824f1f251fd562d5e09fccf9217b,150000,92368,23342,69026,2422,target_feasible,True,92368,167,167,1,167,1391,0,0,0,109,910,0,0,0,109,910,b633a8281dc3f1fb867ea08e1caa4bad97c21ab5a70fc14fc0ba312237d5a09a,33a7d1c7020a2118d9f7f4851e13d76b83f290b05f1f594193f2cc345edacf25,33a7d1c7020a2118d9f7f4851e13d76b83f290b05f1f594193f2cc345edacf25,497fccbaf30360474d00e4a5a32498262955b6ee9bd94d9a2597be1e1ed8b86d
1,icosphere_l2,8,2,3,2,stage4_witness,m8_r4,1,15148160348637711450,504e0a4fe560587dfbe701876f75e5ab89a1824f1f251fd562d5e09fccf9217b,150000,104959,26325,78634,2315,target_feasible,True,104959,167,167,1,167,1391,0,0,0,72,836,0,0,0,72,836,b633a8281dc3f1fb867ea08e1caa4bad97c21ab5a70fc14fc0ba312237d5a09a,45e5673b9cecba566f28788153dd49860f6acbb1fe7c53fa5f0001fea5b02127,45e5673b9cecba566f28788153dd49860f6acbb1fe7c53fa5f0001fea5b02127,48530d426abe868f5def91eb77b60cd016f48d5754d958aa8fe8fb74db1273fb
1,icosphere_l2,8,2,3,3,stage3_baseline,canonical_index_binary,0,8227819078447933036,504e0a4fe560587dfbe701876f75e5ab89a1824f1f251fd562d5e09fccf9217b,150000,88772,22219,66553,2333,target_feasible,True,88772,231,417,5,2,1638,0,0,0,101,896,0,0,0,101,896,c96659d499594419a99d7d6e2587cc6ae519794e2e1229fbd0deb1ada399b5a0,21d47db2f5b3e989f2451052e242da3197db3efee9717a9bea10a5772e569cc4,21d47db2f5b3e989f2451052e242da3197db3efee9717a9bea10a5772e569cc4,52d9167bd2618dd7f453b3c7065ce5aa564657547a6a6bdc47747fd8bab07803
1,icosphere_l2,8,2,3,4,stage3_baseline,canonical_index_binary,1,14288405462835687374,504e0a4fe560587dfbe701876f75e5ab89a1824f1f251fd562d5e09fccf9217b,150000,104305,26142,78163,2440,target_feasible,True,104305,231,417,5,2,1638,0,0,0,96,869,0,0,0,96,869,c96659d499594419a99d7d6e2587cc6ae519794e2e1229fbd0deb1ada399b5a0,545135549a5ef6adc43819df4ea7a4584d8af841fccbfa1915ff83bc7c18f566,545135549a5ef6adc43819df4ea7a4584d8af841fccbfa1915ff83bc7c18f566,617355e9e43f4aee6c30e0df4da54adc1080860fb9568aeffffdfbe2642cb485
1,icosphere_l2,8,2,3,5,deterministic_random,deterministic_random_seed_1503128695425825113,0,11193076567024220646,504e0a4fe560587dfbe701876f75e5ab89a1824f1f251fd562d5e09fccf9217b,150000,83075,20766,62309,2629,target_feasible,True,83075,304,606,5,2,1971,0,0,0,105,894,0,0,0,105,894,0ee1fcafd6fe1ebb108f3f2c5ee49b982595a41217181141da229c2d8d3430b3,cbce5300b74f4d6922c86260d0768ba800c00973ed8d95e397df3633c9fbeba4,cbce5300b74f4d6922c86260d0768ba800c00973ed8d95e397df3633c9fbeba4,7d648ab6cf930b324675f7f1071d9a038ca3f2e0efa570a79a16d478d20ae579
1,icosphere_l2,8,2,3,6,deterministic_random,deterministic_random_seed_13937363919013851012,1,2892312471833747274,504e0a4fe560587dfbe701876f75e5ab89a1824f1f251fd562d5e09fccf9217b,150000,94740,23572,71168,2547,target_feasible,True,94740,304,561,4,24,1928,0,0,0,94,882,0,0,0,94,882,ecc9f5c917d08dab5dd60ed660c6b41212854e13ddee53641d7b14f2cd2a565e,0c1f3c9b0f52b594051a1fbacbd786debfff981d51352e895b5dbd259e87621b,0c1f3c9b0f52b594051a1fbacbd786debfff981d51352e895b5dbd259e87621b,54b6102c2b0fd61dff936e14c9467bcaafcfed6f97929df73bde38d00fcb7e95
2,icosphere_l2,9,1,2,1,stage4_witness,m9_r3,0,6796424118464846063,504e0a4fe560587dfbe701876f75e5ab89a1824f1f251fd562d5e09fccf9217b,150000,150000,37633,112367,1742,proposal_budget_exhausted,False,,232,232,1,232,1139,31,43,2,12,904,31,43,2,12,904,74eb9177a2f2c36a44507c280ebf9a30bd6c58f5599b4fe5f19abf43e10962fc,65ca8c0331ae9c6797cb8685559e4dab9c7ed59391dba8f86ba0134a76f9438f,363f3b69ab4de58fe7f84289a4acb3ac2a685dfa2a7caac7c655960528dd352d,553785978f276e303ce6cb2cee5a9b7d0a1a8ceed7af2b0bb649d32d8db7026b
2,icosphere_l2,9,1,2,2,stage4_witness,m9_r3,1,3285018937945410241,504e0a4fe560587dfbe701876f75e5ab89a1824f1f251fd562d5e09fccf9217b,150000,150000,37709,112291,1281,proposal_budget_exhausted,False,,232,232,1,232,1139,40,46,2,6,875,40,46,2,6,875,74eb9177a2f2c36a44507c280ebf9a30bd6c58f5599b4fe5f19abf43e10962fc,5b62c7273ab61a1d6ec814e6d0ffd6017a84bafb0129d337b225083a118c90d4,5b62c7273ab61a1d6ec814e6d0ffd6017a84bafb0129d337b225083a118c90d4,7f80def561f0ea5ef7a971e140c26ba854a151ee9ba02d07ad371d620a009d1e
2,icosphere_l2,9,1,2,3,stage3_baseline,canonical_index_binary,0,9214890470417083307,504e0a4fe560587dfbe701876f75e5ab89a1824f1f251fd562d5e09fccf9217b,150000,150000,37257,112743,1601,proposal_budget_exhausted,False,,324,741,6,2,1638,26,39,3,1,896,26,39,3,1,896,9db80a0eea8b0e4553e6c116e0ef8e239919627f8e65dc97d03936dd528e79d3,ce0ba2d96db5fc89fea24859466e981b6c8b5213d1d3d298a58f04508c01acf0,ce0ba2d96db5fc89fea24859466e981b6c8b5213d1d3d298a58f04508c01acf0,644f8f879e496897c78a6080a0924eb5f7f5b817919819f3ca631bf58454e3e6
2,icosphere_l2,9,1,2,4,stage3_baseline,canonical_index_binary,1,16993597096448670912,504e0a4fe560587dfbe701876f75e5ab89a1824f1f251fd562d5e09fccf9217b,150000,150000,37583,112417,1895,proposal_budget_exhausted,False,,324,741,6,2,1638,35,43,2,8,868,35,43,2,8,868,9db80a0eea8b0e4553e6c116e0ef8e239919627f8e65dc97d03936dd528e79d3,a48dc47431dfe6f257df0143b8b8ad6859c7b27acfb555c9f43263c6d24e72a3,b57c18a1723e0867d27d01746e670ea79c555263eef462abf04487cb0e88cb54,c51b487d499b969e2ece4f759e8ba2c3c83f2b2cd188aa735223e9fd02cebf1e
2,icosphere_l2,9,1,2,5,deterministic_random,deterministic_random_seed_3666604857553870798,0,1528810349848541460,504e0a4fe560587dfbe701876f75e5ab89a1824f1f251fd562d5e09fccf9217b,150000,150000,37381,112619,2184,proposal_budget_exhausted,False,,439,1200,7,1,2154,35,46,2,11,867,35,46,2,11,867,25abdd5db7ffec8d3728514071154f8936017a4e37da027d34ad1c6f291cf112,b86b8d48eb1bff78d2317bf7665ab77faafc4621f817c75e8b6f28cc82e355a8,eece77df03d94e8313555d7749b403020d6b9af6472695fc636d9a1e8c8b4fa5,f9ad88c15b0ab0386ec2e4dcfe926a85e957231afc3dbcd55c07a8b1dd4c0842
2,icosphere_l2,9,1,2,6,deterministic_random,deterministic_random_seed_1418030794869516564,1,5031012001165874113,504e0a4fe560587dfbe701876f75e5ab89a1824f1f251fd562d5e09fccf9217b,150000,150000,37332,112668,2311,proposal_budget_exhausted,False,,433,1225,7,1,2175,36,46,2,10,898,36,46,2,10,898,23bd616398cab10678d39e869e911bb5a3de253358ba80835f8abcd1e94bfba7,b8b04132252fa5e8e7bde386b01db490212200fffeb8cd60deee2a128ce426ca,2a1227805e281001880ad3f28f139beebad2296c24b151f5f829bcf046812625,c898354fa41713dcca6a307fefdbb3101e3567e39ce6509ac675e42a6be3d7cc
3,icosphere_l2,10,1,2,1,stage4_witness,m10_r3,0,15119114495536722488,504e0a4fe560587dfbe701876f75e5ab89a1824f1f251fd562d5e09fccf9217b,150000,150000,37244,112756,1904,proposal_budget_exhausted,False,,256,256,1,256,1185,68,116,5,1,985,68,116,5,1,985,82448dc8bcc9d24b197269c314176327226fc9c5d4739838b03a02bf262b87b4,e5dd0b3d43c5b319840c69724b5bbf6ca36a9e35321298c05cd501a9dbd035f4,f72a1029fcc95e36c53cd76a4d860a8bda36127dea69d4fa20538cb7ecccc8f7,b312212cbb9b503c971657e845ac4291c939efb3aada20603bd12647007ee9e5
3,icosphere_l2,10,1,2,2,stage4_witness,m10_r3,1,418940699077630585,504e0a4fe560587dfbe701876f75e5ab89a1824f1f251fd562d5e09fccf9217b,150000,150000,37546,112454,2024,proposal_budget_exhausted,False,,256,256,1,256,1185,66,98,4,1,944,66,98,4,1,944,82448dc8bcc9d24b197269c314176327226fc9c5d4739838b03a02bf262b87b4,bad5d0b9e5ae52d69f826f27b925c734001ed3ad5ce0323b849d191b30178a0f,bad5d0b9e5ae52d69f826f27b925c734001ed3ad5ce0323b849d191b30178a0f,1ae75b1013ad37f02c8e6f4eb0b1576e5e5cbb6042d87240dae2f36fa74352d9
3,icosphere_l2,10,1,2,3,stage3_baseline,canonical_index_binary,0,6785352256943665607,504e0a4fe560587dfbe701876f75e5ab89a1824f1f251fd562d5e09fccf9217b,150000,150000,37387,112613,2119,proposal_budget_exhausted,False,,324,741,6,2,1638,72,110,4,2,950,72,110,4,2,950,9103456a4b6ea6d5c6fab5523507e924e220146e78526d38de0304be5d318f03,9417015d0f07625f4d5bb887495123603c58dd1a30bb9ffb643ae887d1bfff22,9417015d0f07625f4d5bb887495123603c58dd1a30bb9ffb643ae887d1bfff22,513d1b40df61a899327cbc57253e436a8157212ae8932e4c8312ead6f06b1e65
3,icosphere_l2,10,1,2,4,stage3_baseline,canonical_index_binary,1,13517933736512917490,504e0a4fe560587dfbe701876f75e5ab89a1824f1f251fd562d5e09fccf9217b,150000,150000,37423,112577,2303,proposal_budget_exhausted,False,,324,741,6,2,1638,73,105,5,1,965,73,105,5,1,965,9103456a4b6ea6d5c6fab5523507e924e220146e78526d38de0304be5d318f03,bbbde0025e5f2b4673303011552dae87c9906e7df850e8a58e543b514b999fa8,35ca016c71129db8a577716a5bb2f6710ab15e7c906046adb138702bbd692da8,67788199ad220ee8f03270add406b86d761bcf01c3d99d7b673e4ee43a1bfc36
3,icosphere_l2,10,1,2,5,deterministic_random,deterministic_random_seed_3301945426204897657,0,8321175106435824979,504e0a4fe560587dfbe701876f75e5ab89a1824f1f251fd562d5e09fccf9217b,150000,150000,37556,112444,3305,proposal_budget_exhausted,False,,447,1450,7,5,2405,76,109,3,4,964,76,109,3,4,964,509a61a5bc5402da5a4ce5baabb63813178de5027ff864384bd7cbfa5ff53ede,484e9a90a2715d42d9e7db7f328cab13469eb7d673f6250020c65275360af6a4,f6b019361c9f5ca166362ee808fa630a3e4998f71dce88db14c950a3e3599e45,2b3725df8063cad6f06dac5ec9f49eecd5cc6e12733de0b27b2d7b928b4dcd26
3,icosphere_l2,10,1,2,6,deterministic_random,deterministic_random_seed_482602080597249361,1,12672631739299656822,504e0a4fe560587dfbe701876f75e5ab89a1824f1f251fd562d5e09fccf9217b,150000,150000,37454,112546,2825,proposal_budget_exhausted,False,,453,1432,7,5,2387,55,74,2,19,929,55,74,2,19,929,388efc94cad30ebe011c5f0bf3cd98f738827806dea60c698852df11076822f1,375abbbf5cb7d16ebfbeff29dde3a86d0835ca295433a4f88da721b075021919,379f5a9d8ecb726841ca968adf653eeb292d87737a3c6010dc3679db116ce7ab,dcfef59b9025076fd710f165b4089981a094c2a9f86f17f1122fb672adc5309d
4,icosphere_l2,12,1,2,1,stage4_witness,m10_r3,0,2152002314695258017,504e0a4fe560587dfbe701876f75e5ab89a1824f1f251fd562d5e09fccf9217b,150000,150000,37611,112389,3684,proposal_budget_exhausted,False,,256,256,1,256,1185,127,246,7,1,1118,127,246,7,1,1118,5801ef6f5bdf8cca9a90b85f0b48f2488db9363ef874e8b6a0f139116417d681,355a35fb5a92875fece35985a304087626bf3b0f3d9314cdacf5f2e1d5c91a02,355a35fb5a92875fece35985a304087626bf3b0f3d9314cdacf5f2e1d5c91a02,b63fd187d1361ae744d634e8df3c12930e3a1b033b5d63d17344f412ec9b5af1
4,icosphere_l2,12,1,2,2,stage4_witness,m10_r3,1,9529532068514847444,504e0a4fe560587dfbe701876f75e5ab89a1824f1f251fd562d5e09fccf9217b,150000,150000,37511,112489,3898,proposal_budget_exhausted,False,,256,256,1,256,1185,140,315,8,2,1212,140,315,8,2,1212,5801ef6f5bdf8cca9a90b85f0b48f2488db9363ef874e8b6a0f139116417d681,2be1c42a600248a27d73ac180679b05ff5b16b1f4d6554eacef82268d5d40d5b,fe8044b6df4c228a561e03910877a8ef217ba567f0de5c0b73f93e9be0bc9b1c,8c443e532991654abf2d4c01b15098778f9ba47401c23008b5f9e1c82d249bf1
4,icosphere_l2,12,1,2,3,stage3_baseline,canonical_index_binary,0,4511002238505063214,504e0a4fe560587dfbe701876f75e5ab89a1824f1f251fd562d5e09fccf9217b,150000,150000,37534,112466,3848,proposal_budget_exhausted,False,,324,741,6,2,1638,137,259,5,2,1153,137,259,5,2,1153,494c62ceb89a3a7d63246ae420281cdc22b46e048081edd4c38ad88dfc48cdfa,6ed92da1d820e60f22ec888c749b6c6224ce9ac8ba66faf9adcf0c6f0baa2348,6ed92da1d820e60f22ec888c749b6c6224ce9ac8ba66faf9adcf0c6f0baa2348,71127f07be9a36dc38515171ab083a6b476ac72d9e488868bbcceff2b7f6d8da
4,icosphere_l2,12,1,2,4,stage3_baseline,canonical_index_binary,1,4364663063643561354,504e0a4fe560587dfbe701876f75e5ab89a1824f1f251fd562d5e09fccf9217b,150000,150000,37213,112787,3960,proposal_budget_exhausted,False,,324,741,6,2,1638,150,357,7,1,1244,150,357,7,1,1244,494c62ceb89a3a7d63246ae420281cdc22b46e048081edd4c38ad88dfc48cdfa,26f1f8b038b00f81ea479cdec8479330d744e700a37056b6ec6d17a29563e511,26f1f8b038b00f81ea479cdec8479330d744e700a37056b6ec6d17a29563e511,a9d4db444262d0f338ac28a3e4ac471644caf69e48fe8916f493ce018982c505
4,icosphere_l2,12,1,2,5,deterministic_random,deterministic_random_seed_14887553102638525367,0,7724789848698448784,504e0a4fe560587dfbe701876f75e5ab89a1824f1f251fd562d5e09fccf9217b,150000,150000,37477,112523,6778,proposal_budget_exhausted,False,,465,1825,9,2,2785,142,274,6,3,1166,142,274,6,3,1166,a1aec8cd4d277e5b5846131ce2b1eecdcb12244df98ed24322121cb39ccb97bb,31764985164b5b9ae033e3673f4566deca69b2fa52acfeb0859b0d41237d181a,31764985164b5b9ae033e3673f4566deca69b2fa52acfeb0859b0d41237d181a,ba852ac286a4c8351a0874ffbb22251610c7a1b753d84d5fdff3cd87f98ccf80
4,icosphere_l2,12,1,2,6,deterministic_random,deterministic_random_seed_2160611908468942976,1,6885657983755294551,504e0a4fe560587dfbe701876f75e5ab89a1824f1f251fd562d5e09fccf9217b,150000,150000,37618,112382,5502,proposal_budget_exhausted,False,,470,1957,9,1,2914,140,263,5,1,1151,140,263,5,1,1151,4a7b39c25dabba9a3e8821398ccdaa81a16c73927ea50355c617ff195a12646f,e548e60b8602222a7f3c6007e9ebd28ec41c711b866facb17e68347bb4f71912,e548e60b8602222a7f3c6007e9ebd28ec41c711b866facb17e68347bb4f71912,af72c93a71121d689fd4b2c19f820e567847a994171c48cdc4735d5cbacb5a81
5,icosphere_l3,10,1,2,1,stage3_baseline,canonical_index_binary,0,13927606832135628602,d79d375055b006ce804355602a5374448ae9b33dbb2c1819c22b63832fe410c2,300000,300000,75173,224827,6512,proposal_budget_exhausted,False,,1392,4074,8,2,7642,422,718,6,1,4191,422,718,6,1,4191,8a051235935d9700fba7de0c231deb98fc481326f477ebea2f7c0d2fcfbc5eab,1a79ccb7d6ac908db03709289eda10636d975311c903cc75ca76fcaed6fb6787,1a79ccb7d6ac908db03709289eda10636d975311c903cc75ca76fcaed6fb6787,53b992fb8709600f88158cd0ee61c038fe59cd40f4b55b57f1c6d8764382264d
5,icosphere_l3,10,1,2,2,stage3_baseline,canonical_index_binary,1,4694205784144876781,d79d375055b006ce804355602a5374448ae9b33dbb2c1819c22b63832fe410c2,300000,300000,75309,224691,6839,proposal_budget_exhausted,False,,1392,4074,8,2,7642,402,686,5,3,4145,402,686,5,3,4145,8a051235935d9700fba7de0c231deb98fc481326f477ebea2f7c0d2fcfbc5eab,c1478b48980e2d4a4042f69dfd38d6752a98e168c59e973aec2bfaa45d4babc0,67bd4b2c2f166939069c838db6d3d03bcfa51780bbfa4168660c2beaf4f6c092,30d63edd62ae2ee4fee12e766778b6b23536c46f55d2e4237e76107aa2f55359
5,icosphere_l3,10,1,2,3,deterministic_random,deterministic_random_seed_16023421184216165195,0,17649670927297964626,d79d375055b006ce804355602a5374448ae9b33dbb2c1819c22b63832fe410c2,300000,300000,74738,225262,8124,proposal_budget_exhausted,False,,1812,5735,8,3,9554,444,868,6,4,4379,444,868,6,4,4379,690d78b892b95dc07cdb05157f614a487d1554f1b221f516d52aabb1043645ff,d53ebb3b000b9e55da054c5e30330c2b6b4665ecf5e9fd9fb23c63982a960f9c,d53ebb3b000b9e55da054c5e30330c2b6b4665ecf5e9fd9fb23c63982a960f9c,d3c81db06177256ea28a314696fac475f5ffa0e07f64271934d0a7c795281e51
5,icosphere_l3,10,1,2,4,deterministic_random,deterministic_random_seed_7442435435908895777,1,6748359859811526394,d79d375055b006ce804355602a5374448ae9b33dbb2c1819c22b63832fe410c2,300000,300000,75218,224782,8395,proposal_budget_exhausted,False,,1822,5757,8,3,9579,430,807,6,3,4354,430,807,6,3,4354,180e529a4153ce681de4f896dc11fd73e9da0ed6a5d95132861aa857c49675a2,f2745f241de1fff361d27b80119f67f0cfa7d555e75f69e842e0a9cea7b139d5,f2745f241de1fff361d27b80119f67f0cfa7d555e75f69e842e0a9cea7b139d5,ce61dc44d1f23c195fc4bee4d36cfdf345f664af43241d1c5458454024ba07c7
5,icosphere_l3,10,2,3,1,stage3_baseline,canonical_index_binary,0,13641628107092981709,d79d375055b006ce804355602a5374448ae9b33dbb2c1819c22b63832fe410c2,300000,300000,75389,224611,4308,proposal_budget_exhausted,False,,1139,2682,7,2,7642,38,42,2,4,4164,38,42,2,4,4164,8a051235935d9700fba7de0c231deb98fc481326f477ebea2f7c0d2fcfbc5eab,b6949a7e7e0c417745898893e199e5bf0368dba656772fd547aaa1f1be1a4230,bdf318de92870466dfa6ba162b8e23bd9309983881be57b569cb50ec4e950e7b,ecc46ef958e941e5261727e168f50e23299a254fa4cf268bcaa0d697dac45dc6
5,icosphere_l3,10,2,3,2,stage3_baseline,canonical_index_binary,1,5223337211484659361,d79d375055b006ce804355602a5374448ae9b33dbb2c1819c22b63832fe410c2,300000,300000,75092,224908,4319,proposal_budget_exhausted,False,,1139,2682,7,2,7642,44,48,3,1,4271,44,48,3,1,4271,8a051235935d9700fba7de0c231deb98fc481326f477ebea2f7c0d2fcfbc5eab,e6ca9f57d62e766cf03a9c18d71a8b05cc53b4b50d505a1f04e083c055259cf3,1b0c395d5322ee78b8ed4052d57527669dfe107021092e47dff50ed63e3a6941,da4efc8c496c161eac9f363740f0231ccb131555efcbd9b26c22c1757fc52b10
5,icosphere_l3,10,2,3,3,deterministic_random,deterministic_random_seed_756781631483076504,0,7159002986833030306,d79d375055b006ce804355602a5374448ae9b33dbb2c1819c22b63832fe410c2,300000,300000,74920,225080,5192,proposal_budget_exhausted,False,,1566,3910,6,19,9535,29,30,2,1,4174,29,30,2,1,4174,73847abc0ad706e36d9d63fd3d02f7a991beb661b84da18d235c7290ebdfc2ad,9b25211cd3942dfaedc64b63c38d4edb722331e559835725d32a0d8589c4f317,5cbbe5461fe7e43011022de1844ee397816240cba889dc3b7a21589286941946,814eb64a2304f80832038848a73e7afa50660b0d7f3df3327b89a5312d2f423d
5,icosphere_l3,10,2,3,4,deterministic_random,deterministic_random_seed_1620402786245288747,1,13728120145390471201,d79d375055b006ce804355602a5374448ae9b33dbb2c1819c22b63832fe410c2,300000,300000,74930,225070,5058,proposal_budget_exhausted,False,,1573,3873,7,1,9504,37,37,1,37,4239,37,37,1,37,4239,4f992dbc4850e10e6aa141a5e5049519c7a1abce7e501239d6d0774d60734fce,aa5d3a51e37c8ed64d48064531151178e24a96ab50f6db0ed552e93eecf77484,cdf85078c65c4e481cb8615b789794dfdac73b62af778833b539ebc2be5fbdc4,921499a9f7a0b0cb5900b4158931597241c5f265344da6639d1f51230dbb623f
5,icosphere_l3,10,3,4,1,stage3_baseline,canonical_index_binary,0,4927721067379553732,d79d375055b006ce804355602a5374448ae9b33dbb2c1819c22b63832fe410c2,300000,244304,60862,183442,5774,target_feasible,True,244304,797,1543,6,2,7642,0,0,0,251,4492,0,0,0,251,4492,8a051235935d9700fba7de0c231deb98fc481326f477ebea2f7c0d2fcfbc5eab,1bb225e4bf4e28c5972b06e2d020de88ec8689f4b926523e901cb44146371224,1bb225e4bf4e28c5972b06e2d020de88ec8689f4b926523e901cb44146371224,dd9229a1077ca7efeb8b26cbb43fcd4ebd03b4cfdde7b418b7881e05ed28c754
5,icosphere_l3,10,3,4,2,stage3_baseline,canonical_index_binary,1,1910770462853372363,d79d375055b006ce804355602a5374448ae9b33dbb2c1819c22b63832fe410c2,300000,224920,56072,168848,5692,target_feasible,True,224920,797,1543,6,2,7642,0,0,0,297,4576,0,0,0,297,4576,8a051235935d9700fba7de0c231deb98fc481326f477ebea2f7c0d2fcfbc5eab,2035d68c3fc847b6979e3d24f408c16a15a61f31640556835fcc2efdf19ec10d,2035d68c3fc847b6979e3d24f408c16a15a61f31640556835fcc2efdf19ec10d,6b3daa51cd5700e712b63830382bfe0bf7a607dc95eb618eed7765dae2c42743
5,icosphere_l3,10,3,4,3,deterministic_random,deterministic_random_seed_1752360962727372961,0,2506614824244478800,d79d375055b006ce804355602a5374448ae9b33dbb2c1819c22b63832fe410c2,300000,227390,56638,170752,6270,target_feasible,True,227390,1207,2388,6,4,9584,0,0,0,273,4559,0,0,0,273,4559,73fbbfa6066d8444a2150fc3efbb471eaae726f61123203576b1ff4fb3c3b891,3bc2da163b70de7d371ec6d64c27765f49d4915caae5818a3bfe07af25ecda2b,3bc2da163b70de7d371ec6d64c27765f49d4915caae5818a3bfe07af25ecda2b,9d19003d3921dfa412bd872c92eb9f8fb403cf0dde4f6e9e3cac1e932acc5fd7
5,icosphere_l3,10,3,4,4,deterministic_random,deterministic_random_seed_9118822391931343987,1,11274813110648325981,d79d375055b006ce804355602a5374448ae9b33dbb2c1819c22b63832fe410c2,300000,238873,60002,178871,6359,target_feasible,True,238873,1208,2418,6,2,9621,0,0,0,253,4521,0,0,0,253,4521,e140508975df705ef5516e179a0d8c13727fe19caf2ed6c2d030a5ca646024fc,12aeae5ea97185adb833def24050132e22b95218370191b435d624b101e086db,12aeae5ea97185adb833def24050132e22b95218370191b435d624b101e086db,52e5187881f0ff2c5fc3cf97355308369d79de7887fcc79500ea560edc7e35ba
6,icosphere_l3,11,1,2,1,stage3_baseline,canonical_index_binary,0,13061564592446171621,d79d375055b006ce804355602a5374448ae9b33dbb2c1819c22b63832fe410c2,300000,300000,74907,225093,8952,proposal_budget_exhausted,False,,1392,4074,8,2,7642,626,1324,7,1,4903,626,1324,7,1,4903,e8c1cc22af2222857f634c59962178e0d7fa0719eb92a6c63c0eb3e3f80649ec,e36b098b8aaf9da8f227747815adf2f08e98a9a6a898e6091b8d8f3c5349672c,f706b5ebfa7724dfa65bb56e93ca047f36dcb12073ba800b9d11fdcb02122bb5,28a4400fd3403da3d747af6f48d562ef622961b799ac33813abc6fa987f6730c
6,icosphere_l3,11,1,2,2,stage3_baseline,canonical_index_binary,1,9429894320099564633,d79d375055b006ce804355602a5374448ae9b33dbb2c1819c22b63832fe410c2,300000,300000,75105,224895,9423,proposal_budget_exhausted,False,,1392,4074,8,2,7642,597,1256,7,1,4851,597,1256,7,1,4851,e8c1cc22af2222857f634c59962178e0d7fa0719eb92a6c63c0eb3e3f80649ec,a2cb341f90c23bd9973999b581965fe3965abd82e39ccd13521b0e000a4b3e10,a2cb341f90c23bd9973999b581965fe3965abd82e39ccd13521b0e000a4b3e10,99a59e16e729323f86cbb68f27fabe84b010ec91d3e8cf8e6cfaf134021d91af
6,icosphere_l3,11,1,2,3,deterministic_random,deterministic_random_seed_3077993323151633052,0,10889337680355533592,d79d375055b006ce804355602a5374448ae9b33dbb2c1819c22b63832fe410c2,300000,300000,75046,224954,11563,proposal_budget_exhausted,False,,1868,6811,9,1,10646,597,1254,7,1,4857,597,1254,7,1,4857,a56904630b8334f9651916c8fe07a246d3ab9fa59df170acc024d6b4b61be390,3947b77d770a4dbb4c7ab8deb8c4e4818f7fd49bf48e4dea9f48f4bc4e4dd983,3947b77d770a4dbb4c7ab8deb8c4e4818f7fd49bf48e4dea9f48f4bc4e4dd983,84c9d869bdba0882eb0d07b6caeb5f589e94117d7513b7f3ae6c3de5efe7113d
6,icosphere_l3,11,1,2,4,deterministic_random,deterministic_random_seed_11333887661136030517,1,10085962927897804808,d79d375055b006ce804355602a5374448ae9b33dbb2c1819c22b63832fe410c2,300000,300000,75150,224850,11403,proposal_budget_exhausted,False,,1865,6668,8,12,10501,625,1342,7,1,4916,625,1342,7,1,4916,8abd27e64bc835332e99c83fafd2d16f39ffd92f3c36694d7a0a6cb843a8289d,ac4d5181e952046315264c4c1e8794ec27934f2d23dca7a1ecdda5c0efae1da3,ac4d5181e952046315264c4c1e8794ec27934f2d23dca7a1ecdda5c0efae1da3,e4af55c87e87e9d99a7f04027946e7150e02aa089be5434d7fedebb84068d455
6,icosphere_l3,11,2,3,1,stage3_baseline,canonical_index_binary,0,4590533484496109003,d79d375055b006ce804355602a5374448ae9b33dbb2c1819c22b63832fe410c2,300000,300000,75041,224959,4166,proposal_budget_exhausted,False,,1139,2682,7,2,7642,121,152,3,9,4595,121,152,3,9,4595,e8c1cc22af2222857f634c59962178e0d7fa0719eb92a6c63c0eb3e3f80649ec,dc60036707160e3cdcf3d6b2dbc9b961ba5b5432a91703c9519f51890a6040d8,20a9d9757bf9ea7dbea12ba3e461030991004712fe35d79095063933757bdb88,eab9231349745b3b215842368c3f38ca8d25264aa5b98a62a31c34c8367d6edb
6,icosphere_l3,11,2,3,2,stage3_baseline,canonical_index_binary,1,1357378260022488770,d79d375055b006ce804355602a5374448ae9b33dbb2c1819c22b63832fe410c2,300000,300000,74558,225442,4067,proposal_budget_exhausted,False,,1139,2682,7,2,7642,110,129,3,5,4572,110,129,3,5,4572,e8c1cc22af2222857f634c59962178e0d7fa0719eb92a6c63c0eb3e3f80649ec,016dd32129478ea663a7bb39bbecb11161d2b7af2b252c04755dbca1c9413684,016dd32129478ea663a7bb39bbecb11161d2b7af2b252c04755dbca1c9413684,279814cfd355ec1251f61e09a31e75b220269b907d31a4e7fd6cb894d63990c1
6,icosphere_l3,11,2,3,3,deterministic_random,deterministic_random_seed_12273327737597968308,0,1840681915919517844,d79d375055b006ce804355602a5374448ae9b33dbb2c1819c22b63832fe410c2,300000,300000,74395,225605,5867,proposal_budget_exhausted,False,,1680,4826,7,6,10509,153,184,3,8,4697,153,184,3,8,4697,810b901db1b74ce0fd33944a6a9571e1e2a9805b20e8b28f6bfbe917bc061700,6fe06493003fc743fb1b11407502d1d8fc969e3cd2d2fe92ca38c8ee3fee2e9f,5e27183e68e69cb298616752972cf52a43b8c8967494eaa8bd92ca425c53b87b,583182d4d12f8ccbf1e857a41622f001ee0d82709813102b3dbb8458b3872a3c
6,icosphere_l3,11,2,3,4,deterministic_random,deterministic_random_seed_10984205867923857793,1,9007703888127675472,d79d375055b006ce804355602a5374448ae9b33dbb2c1819c22b63832fe410c2,300000,300000,75339,224661,5636,proposal_budget_exhausted,False,,1691,4737,7,5,10429,149,178,3,7,4755,149,178,3,7,4755,003e9ab2af5bfbed4d4d0d07dd82d7b5007952631bb6e81fdc308238e3c8f232,a1552182b4ae0a4714f90dfa66264cca986f4e375cd1647ed664cbb299e5c95d,a1552182b4ae0a4714f90dfa66264cca986f4e375cd1647ed664cbb299e5c95d,87fc5fade039f3005c4280a83e4544d1977fb5aa70dc2d827ffe456cc401f96d
6,icosphere_l3,11,3,4,1,stage3_baseline,canonical_index_binary,0,8002251861110586255,d79d375055b006ce804355602a5374448ae9b33dbb2c1819c22b63832fe410c2,300000,235594,59236,176358,4257,target_feasible,True,235594,797,1543,6,2,7642,0,0,0,398,4975,0,0,0,398,4975,e8c1cc22af2222857f634c59962178e0d7fa0719eb92a6c63c0eb3e3f80649ec,2c8782f8af82195bd081f8b5c288ec4a468b771b75fd80f4e4bef33cb40bca59,2c8782f8af82195bd081f8b5c288ec4a468b771b75fd80f4e4bef33cb40bca59,f1a9ea8aea97f2ea267d915dcc987b0490d01ff3604e058ea80bc70d748855cd
6,icosphere_l3,11,3,4,2,stage3_baseline,canonical_index_binary,1,14247417435421904424,d79d375055b006ce804355602a5374448ae9b33dbb2c1819c22b63832fe410c2,300000,300000,74972,225028,4313,proposal_budget_exhausted,False,,797,1543,6,2,7642,1,1,1,1,4838,1,1,1,1,4838,e8c1cc22af2222857f634c59962178e0d7fa0719eb92a6c63c0eb3e3f80649ec,3019c51792f929e27f82b9cb73b34e75b7cc9b903500694914ba6e98f338d38d,30241fa1069a9599f0c826c6b86a52fb5197ad3af689efb92dffdcf30e74898d,0e4af880975b0c033e84dfab226849c9d19d6289279b4c1d013dc9cbf69febf7
6,icosphere_l3,11,3,4,3,deterministic_random,deterministic_random_seed_7538166674351069576,0,1450766192576483703,d79d375055b006ce804355602a5374448ae9b33dbb2c1819c22b63832fe410c2,300000,289650,72127,217523,5330,target_feasible,True,289650,1396,3138,6,9,10538,0,0,0,349,4838,0,0,0,349,4838,14bfd26716069fce3c097d82a7e7b5e4fe1a70702f5a4b1da052659f43d6a24f,1e5f5ee30c2d50392a66d0139c527a3fa47cfcfb99ecf489b6aeb6e0b1675ca4,1e5f5ee30c2d50392a66d0139c527a3fa47cfcfb99ecf489b6aeb6e0b1675ca4,8357e4da265448fcea34f80533ee0548ad34ddf1563389dfe5e88333ece875a5
6,icosphere_l3,11,3,4,4,deterministic_random,deterministic_random_seed_15184255322468577755,1,6507143331279949843,d79d375055b006ce804355602a5374448ae9b33dbb2c1819c22b63832fe410c2,300000,259406,65017,194389,5216,target_feasible,True,259406,1392,3136,7,3,10531,0,0,0,382,4934,0,0,0,382,4934,06aaac9ac9a4c0af849dd925c302ea176d0b214d39ab4a5bb3f47e4b6801868f,0a8eac30a8431e1a54beff6cdaab24e96678625a0ff8852fab749d5ce9fb0a92,0a8eac30a8431e1a54beff6cdaab24e96678625a0ff8852fab749d5ce9fb0a92,f4cba9a5dcc8212766e1e6f67843463ed2c060a45d6ea1d7979e4eb8bd07516a
7,icosphere_l3,12,1,2,1,stage3_baseline,canonical_index_binary,0,10354632679121987872,d79d375055b006ce804355602a5374448ae9b33dbb2c1819c22b63832fe410c2,300000,300000,74664,225336,11980,proposal_budget_exhausted,False,,1392,4074,8,2,7642,816,2066,7,4,5716,816,2066,7,4,5716,c9042bbe916c0630482b724149f5d16a657ecb28d570edcff2a67d2b59306028,bbca574ccae537da655f4cdd30c1e032f20690d5c9053ac5abe5bdfc6a2186f0,bbca574ccae537da655f4cdd30c1e032f20690d5c9053ac5abe5bdfc6a2186f0,a2eec9080a08264c884985eb7776bf10582469cc875c728be40305d0d8896435
7,icosphere_l3,12,1,2,2,stage3_baseline,canonical_index_binary,1,9576519443198766728,d79d375055b006ce804355602a5374448ae9b33dbb2c1819c22b63832fe410c2,300000,300000,75134,224866,11499,proposal_budget_exhausted,False,,1392,4074,8,2,7642,778,1964,7,3,5577,778,1964,7,3,5577,c9042bbe916c0630482b724149f5d16a657ecb28d570edcff2a67d2b59306028,8b9ca9e5640c476b7ebfd51141b4aa68489d2ef544326b05bba08ba7d21c752f,8b9ca9e5640c476b7ebfd51141b4aa68489d2ef544326b05bba08ba7d21c752f,a5af999f7cfc9bf95b0e18df043dc829beea4c1cffffb035172f9f0a6ecd4442
7,icosphere_l3,12,1,2,3,deterministic_random,deterministic_random_seed_1362767849757214394,0,9215820620983799095,d79d375055b006ce804355602a5374448ae9b33dbb2c1819c22b63832fe410c2,300000,300000,75315,224685,15071,proposal_budget_exhausted,False,,1881,7656,9,7,11494,807,2142,8,2,5774,807,2142,8,2,5774,3749080cc017eae8fba045ceacad09d19f26e3c8d4316c17bb3536c15c0ae4fb,2af0625f59ede990128f0a8eb854cd0661ee7f80741eb30144ed9d453b0ee0c5,22e6ff304ac89ccdf9e332136afdae333ec40adff472a7e3e3cb16cfd1ed5e70,4ef07da1a7b2d1298dc951c134f6b92a1ef91c85869d7041220749fdc2040494
7,icosphere_l3,12,1,2,4,deterministic_random,deterministic_random_seed_1670832029824716032,1,13281005535844006283,d79d375055b006ce804355602a5374448ae9b33dbb2c1819c22b63832fe410c2,300000,300000,75209,224791,16013,proposal_budget_exhausted,False,,1886,7662,9,9,11500,801,2041,8,2,5688,801,2041,8,2,5688,9ba96b6f867d8a5fbf09937f4a8ac53e528c66e33deaf9b1649e499365656dce,dfb29926d70162723ea6e557ec21c956794e340a5f8e043f3368f6e0c8571f35,83ed8966f96f3264ae979e181eb044c08761c8c489199c0d23f32f43dc77efab,b4700db14ad2f64ab128bc828239115b81671786ff1475b0849f3073b17c23ae
7,icosphere_l3,12,2,3,1,stage3_baseline,canonical_index_binary,0,16051405245173792438,d79d375055b006ce804355602a5374448ae9b33dbb2c1819c22b63832fe410c2,300000,300000,74817,225183,4744,proposal_budget_exhausted,False,,1139,2682,7,2,7642,292,423,5,4,5234,292,423,5,4,5234,c9042bbe916c0630482b724149f5d16a657ecb28d570edcff2a67d2b59306028,d120b6b8a61f0555d2efbfbdc2ad3a7ac66f4a61acd1a11ebb12fcf651143037,d120b6b8a61f0555d2efbfbdc2ad3a7ac66f4a61acd1a11ebb12fcf651143037,1daa66d26e7f3342621e4b4b2f4b6391836bc30d63103b32720a32b295f19107
7,icosphere_l3,12,2,3,2,stage3_baseline,canonical_index_binary,1,8827499384092869526,d79d375055b006ce804355602a5374448ae9b33dbb2c1819c22b63832fe410c2,300000,300000,75137,224863,4643,proposal_budget_exhausted,False,,1139,2682,7,2,7642,305,479,6,1,5309,305,479,6,1,5309,c9042bbe916c0630482b724149f5d16a657ecb28d570edcff2a67d2b59306028,6684c961c305cee2480e3dd990018f97007d7d99f92acfdcb08b45e457eefc40,6684c961c305cee2480e3dd990018f97007d7d99f92acfdcb08b45e457eefc40,bd293f5d15a7297226315c9bdb5e1d5627393cdc4d018c550eda56ce78c53498
7,icosphere_l3,12,2,3,3,deterministic_random,deterministic_random_seed_2720105447922003030,0,4569351369529173109,d79d375055b006ce804355602a5374448ae9b33dbb2c1819c22b63832fe410c2,300000,300000,74692,225308,6771,proposal_budget_exhausted,False,,1780,5635,8,3,11346,290,424,5,1,5182,290,424,5,1,5182,a471cf29287bf43ce8cbe27e61424af7c6f46de53c486087ea4e9bd8eb25c104,b2f2dfc16ab2fe40f07be0c0df2f65dfb687eb7df110432e52b6203fdfc66702,b2f2dfc16ab2fe40f07be0c0df2f65dfb687eb7df110432e52b6203fdfc66702,2247465e9a4de083b5514ef13b337c542dd1712ba00129fd824b7c7d4839fdb7
7,icosphere_l3,12,2,3,4,deterministic_random,deterministic_random_seed_17518219472820890700,1,13419077011165143771,d79d375055b006ce804355602a5374448ae9b33dbb2c1819c22b63832fe410c2,300000,300000,74810,225190,6971,proposal_budget_exhausted,False,,1784,5905,9,1,11623,278,409,7,1,5224,278,409,7,1,5224,d4aed2e957a8ba7040f7f4ad1c342ed5901bcaacd2fc7d7517cb29425c0a436b,77bde0a325ea995fe003aaac788522a7038d053f2360d8bf7025ac1328154626,77bde0a325ea995fe003aaac788522a7038d053f2360d8bf7025ac1328154626,d129f124f16d23636560b2310045e9df2d959444d764fbe17a4db42e5b56c3d4
7,icosphere_l3,12,3,4,1,stage3_baseline,canonical_index_binary,0,3474031343928212755,d79d375055b006ce804355602a5374448ae9b33dbb2c1819c22b63832fe410c2,300000,300000,75059,224941,3267,proposal_budget_exhausted,False,,797,1543,6,2,7642,16,18,2,2,5499,16,18,2,2,5499,c9042bbe916c0630482b724149f5d16a657ecb28d570edcff2a67d2b59306028,db4dbf9266722082c91284c263dc86482424fb3c078a4bbe5547b5e339bc0f88,db4dbf9266722082c91284c263dc86482424fb3c078a4bbe5547b5e339bc0f88,35ac949284cb3e6fb15f286d60282b8b0bf37772730d773455548cb425bfb391
7,icosphere_l3,12,3,4,2,stage3_baseline,canonical_index_binary,1,15913903746242770880,d79d375055b006ce804355602a5374448ae9b33dbb2c1819c22b63832fe410c2,300000,300000,74882,225118,3263,proposal_budget_exhausted,False,,797,1543,6,2,7642,17,18,2,1,5473,17,18,2,1,5473,c9042bbe916c0630482b724149f5d16a657ecb28d570edcff2a67d2b59306028,b7562e30b83394f18d14d9fb75d8cf30865c881fa4c4262239d21391c4283a3c,7e78e95537a03685ece7bd4b2aed9d161fd19c34def1595598fca0943a571458,1a590280619d864a7a27a46ea13aabb56b0c062ed08e9840bfedb5c13218ab53
7,icosphere_l3,12,3,4,3,deterministic_random,deterministic_random_seed_12748345092807962683,0,17855605294951208399,d79d375055b006ce804355602a5374448ae9b33dbb2c1819c22b63832fe410c2,300000,300000,75023,224977,4979,proposal_budget_exhausted,False,,1558,4071,7,4,11586,19,21,2,2,5458,19,21,2,2,5458,f77479f866c0e54c06b29ac9721e1293f5b3c8710417a4bcbe56341e9a0da1b6,6e3d375e2e216818bc53beee3eb31872647ecf163b2d4f51ec37f310e74e661e,6e3d375e2e216818bc53beee3eb31872647ecf163b2d4f51ec37f310e74e661e,3e53b883b4514a6e329134c50ee6bb997dd4ed696d670e07ce2a51c144f61da4
7,icosphere_l3,12,3,4,4,deterministic_random,deterministic_random_seed_2040171413151263678,1,2471439328464931415,d79d375055b006ce804355602a5374448ae9b33dbb2c1819c22b63832fe410c2,300000,300000,74720,225280,4796,proposal_budget_exhausted,False,,1557,4114,7,4,11610,16,17,2,1,5589,16,17,2,1,5589,16bfa808d364a226df3c095522cde94e54b4633ebaae0b2b4bfb6fd65a9074f2,52eca06ff4795aa65442816e964214e0d67d7dae43937982636358bd6a56646b,663eb86e31f21214aead6a26668519707a34c255a4f3ac96a55c233f86374295,aa17f52bc4275fee95f3bb687a5ff9cb69a44361c5bcca74530d2d05c44270ff
7,icosphere_l3,12,4,5,1,stage3_baseline,canonical_index_binary,0,17963088821241110107,d79d375055b006ce804355602a5374448ae9b33dbb2c1819c22b63832fe410c2,300000,224764,56191,168573,5368,target_feasible,True,224764,479,746,5,2,7642,0,0,0,226,5845,0,0,0,226,5845,c9042bbe916c0630482b724149f5d16a657ecb28d570edcff2a67d2b59306028,f5f0530af2e633e0e3cee00c498e4eaf47eecdfaa5b6b2a64e7e45eb05d012b8,f5f0530af2e633e0e3cee00c498e4eaf47eecdfaa5b6b2a64e7e45eb05d012b8,cc6ab54fa4087b5eb19af9e4b9808d0bb243967be89fe9c1c34bed1e67802388
7,icosphere_l3,12,4,5,2,stage3_baseline,canonical_index_binary,1,10759676655698488836,d79d375055b006ce804355602a5374448ae9b33dbb2c1819c22b63832fe410c2,300000,231074,57647,173427,5448,target_feasible,True,231074,479,746,5,2,7642,0,0,0,230,5867,0,0,0,230,5867,c9042bbe916c0630482b724149f5d16a657ecb28d570edcff2a67d2b59306028,65466d2370725c2f109e64d3a92ed6d3b08f04a2f8096335c399a19a75609009,65466d2370725c2f109e64d3a92ed6d3b08f04a2f8096335c399a19a75609009,ba6ece6d4941fb23fce78453b0093a0db2a894e6e8d8d5fb74cec1310198390e
7,icosphere_l3,12,4,5,3,deterministic_random,deterministic_random_seed_15693600587553370792,0,6830300505412946230,d79d375055b006ce804355602a5374448ae9b33dbb2c1819c22b63832fe410c2,300000,210419,52610,157809,6212,target_feasible,True,210419,1152,2407,7,1,11402,0,0,0,278,6180,0,0,0,278,6180,a4f16a268f32f42f9916bb4a6b086700362b86f4cb2c95fe22a3b65fe20ce50e,159a94018a8c6cd35ee616e7f873353e992dc0589ca454e6eda5af5205a7c451,159a94018a8c6cd35ee616e7f873353e992dc0589ca454e6eda5af5205a7c451,26b4aa458e51c3a1878cd75056432a7ab892f468aeb47698383c04b8b333b68c
7,icosphere_l3,12,4,5,4,deterministic_random,deterministic_random_seed_1294974724592002692,1,188928360007486938,d79d375055b006ce804355602a5374448ae9b33dbb2c1819c22b63832fe410c2,300000,194554,48386,146168,6199,target_feasible,True,194554,1151,2461,6,5,11532,0,0,0,297,6186,0,0,0,297,6186,b1d93191a3e957f3b899c7f940552e17adc262541900937a8353fd5b643ac692,f50304a3b4a05f2325a5c9434a075f2b67ba0360ad1f3c3a362d901e1fffa814,f50304a3b4a05f2325a5c9434a075f2b67ba0360ad1f3c3a362d901e1fffa814,20bb9daefcebbc0b60f42560def54372ae52c77cd18f8734c0d4d702d8e21ef4
8,icosphere_l3,14,1,2,1,stage3_baseline,canonical_index_binary,0,9482154634898117672,d79d375055b006ce804355602a5374448ae9b33dbb2c1819c22b63832fe410c2,300000,300000,75261,224739,17029,proposal_budget_exhausted,False,,1392,4074,8,2,7642,1089,3562,8,11,7275,1089,3562,8,11,7275,6e7cc2e8f8fac2a32a996ad48924eb608e6d308b6e192e4b2c42bd45ff3514ae,03ddff2865627b7f75e858839c73f18aadf5919e579d467937a3c09b420eb6c6,03ddff2865627b7f75e858839c73f18aadf5919e579d467937a3c09b420eb6c6,74bfac18288e5e398bead6a7030679ecd9c9a8e4de4a0d8434908676e382e004
8,icosphere_l3,14,1,2,2,stage3_baseline,canonical_index_binary,1,11140243380226882396,d79d375055b006ce804355602a5374448ae9b33dbb2c1819c22b63832fe410c2,300000,300000,74930,225070,17806,proposal_budget_exhausted,False,,1392,4074,8,2,7642,1082,3528,9,4,7239,1082,3528,9,4,7239,6e7cc2e8f8fac2a32a996ad48924eb608e6d308b6e192e4b2c42bd45ff3514ae,653f6cac424ab198f52321571a3c8efb03247062fc8cdaa31b234adb8f15313f,cad2c9ea13ff613335438e2e4e3ed0aa7edf10d17bcaaac7a7af30c07d5c1ca4,1b3b0cea8659cd2577b15282544f8ee7af340b8e6a7a2ed0f3dd6d5d56e92982
8,icosphere_l3,14,1,2,3,deterministic_random,deterministic_random_seed_7921634435021238681,0,8661161628922333082,d79d375055b006ce804355602a5374448ae9b33dbb2c1819c22b63832fe410c2,300000,300000,75232,224768,21249,proposal_budget_exhausted,False,,1901,9546,11,1,13384,1129,3669,9,2,7398,1129,3669,9,2,7398,3822ee0805c5a3b1d7328054b5614cde3d8d0cd0e7b3d8947276527ee688c270,80181c095483a1dec9ba28fa12ddf5b1b820e8654053f75740a47913caa18f09,bd7cae3ea424bd08036eec7c4fa9071419994168a2ac1d8e5b34a733b804a870,38cfc0783b603a0bef9cb8c3416791c2085083b139e85a5c71938653891b7065
8,icosphere_l3,14,1,2,4,deterministic_random,deterministic_random_seed_1940530829660446164,1,246905313724734648,d79d375055b006ce804355602a5374448ae9b33dbb2c1819c22b63832fe410c2,300000,300000,75021,224979,21637,proposal_budget_exhausted,False,,1917,9652,11,3,13492,1112,3464,10,1,7172,1112,3464,10,1,7172,16c2dade52dd71952905120e05e623a58578a2e3d7b965c6ae660096c15c3484,8e22afcab8722fdaa2b535162a04b9207093f05cbbb7b355d72ad628f9844ef9,8e22afcab8722fdaa2b535162a04b9207093f05cbbb7b355d72ad628f9844ef9,70e5a520b7814e9af7a05b5bd9cb569e81fd93f4052b8693567b7f37221c63ca
8,icosphere_l3,14,2,3,1,stage3_baseline,canonical_index_binary,0,7951060686255360025,d79d375055b006ce804355602a5374448ae9b33dbb2c1819c22b63832fe410c2,300000,300000,74972,225028,5679,proposal_budget_exhausted,False,,1139,2682,7,2,7642,528,1002,6,9,5991,528,1002,6,9,5991,6e7cc2e8f8fac2a32a996ad48924eb608e6d308b6e192e4b2c42bd45ff3514ae,5403c4334e62f84e36aed563b0a5f7aecf053136b3f6c1dc7405bd100027989d,5403c4334e62f84e36aed563b0a5f7aecf053136b3f6c1dc7405bd100027989d,1d8af5b9c499c8b69931a6e25c7c13b8a8406f3d386933f8dd8622be1f0da188
8,icosphere_l3,14,2,3,2,stage3_baseline,canonical_index_binary,1,15438365789208459970,d79d375055b006ce804355602a5374448ae9b33dbb2c1819c22b63832fe410c2,300000,300000,75353,224647,6855,proposal_budget_exhausted,False,,1139,2682,7,2,7642,531,1049,7,1,6091,531,1049,7,1,6091,6e7cc2e8f8fac2a32a996ad48924eb608e6d308b6e192e4b2c42bd45ff3514ae,e34797c6d5c8868583b5b9df4af30cd3a1f67fb86a2b6049b25494384ff34b09,a3e05ffe0def8570cde2ac53274a56b65bb8ca9009f64a85d901727b3a2973a0,0e1371189da5ddc610052038d0ff98e5f4684f65a42935ca045a432a492d6283
8,icosphere_l3,14,2,3,3,deterministic_random,deterministic_random_seed_17827372719450175781,0,15136321899505647084,d79d375055b006ce804355602a5374448ae9b33dbb2c1819c22b63832fe410c2,300000,300000,75125,224875,13576,proposal_budget_exhausted,False,,1860,7614,10,1,13366,705,1670,7,7,6874,705,1670,7,7,6874,256808accfd8303874c6b013bdd677ff685d083ce1c26805676d5fdc1d656b94,35c70c4812e10e7e2f3f1424fc6fa566a49a4d4b24a5d636e3d148043a6ec91e,35c70c4812e10e7e2f3f1424fc6fa566a49a4d4b24a5d636e3d148043a6ec91e,dbdf619e9549f6f98d3ba623061da7794fc46203342a06cf124a61da1f011633
8,icosphere_l3,14,2,3,4,deterministic_random,deterministic_random_seed_5312433654197584189,1,12606090432392779575,d79d375055b006ce804355602a5374448ae9b33dbb2c1819c22b63832fe410c2,300000,300000,74849,225151,13505,proposal_budget_exhausted,False,,1882,7849,10,2,13602,685,1529,7,3,6752,685,1529,7,3,6752,7c1a864f0c99e1f090cb64d8a68d8643b9c6cf35781ca93a60dab8eb31a1cd0f,5df76debd786302cc61d47f47dbb55735cc7cdc0e1e1b67fca2f167aed264d40,5df76debd786302cc61d47f47dbb55735cc7cdc0e1e1b67fca2f167aed264d40,4fcd27b73363a591acc7c818bdc6abe1d3cef38cdb1c743559b1fa33f5dc8b7d
8,icosphere_l3,14,3,4,1,stage3_baseline,canonical_index_binary,0,1770362016144973395,d79d375055b006ce804355602a5374448ae9b33dbb2c1819c22b63832fe410c2,300000,300000,74634,225366,2402,proposal_budget_exhausted,False,,797,1543,6,2,7642,105,147,4,1,6272,105,147,4,1,6272,6e7cc2e8f8fac2a32a996ad48924eb608e6d308b6e192e4b2c42bd45ff3514ae,158bafaf98e801a09ab5730bc84072d84cb70a300f6779c5eb3ff8d9af8d84a4,158bafaf98e801a09ab5730bc84072d84cb70a300f6779c5eb3ff8d9af8d84a4,0da4083c57e16dfc53ede6c44f5bd690d258429c9e1ca1071955d0b1f4323277
8,icosphere_l3,14,3,4,2,stage3_baseline,canonical_index_binary,1,9055001473934911130,d79d375055b006ce804355602a5374448ae9b33dbb2c1819c22b63832fe410c2,300000,300000,75158,224842,2248,proposal_budget_exhausted,False,,797,1543,6,2,7642,93,140,4,3,6213,93,140,4,3,6213,6e7cc2e8f8fac2a32a996ad48924eb608e6d308b6e192e4b2c42bd45ff3514ae,d47a8fceb3c615783418114ac0dfa6a566909758b02ee03659cd7854e9fb6945,d47a8fceb3c615783418114ac0dfa6a566909758b02ee03659cd7854e9fb6945,e990c7fc262bb0ce7607d86e76f7accc0baa7e0d264fc283b29e088a5f77c7e1
8,icosphere_l3,14,3,4,3,deterministic_random,deterministic_random_seed_25610162317895051,0,2610292629382150174,d79d375055b006ce804355602a5374448ae9b33dbb2c1819c22b63832fe410c2,300000,300000,74470,225530,6151,proposal_budget_exhausted,False,,1741,5821,8,15,13430,212,340,5,3,6812,212,340,5,3,6812,679c1f66858003e2b53bd2f4e99c430f5702c524fe3f1326aeb700678269c80d,c4da456b0ab207b1fc495f85bd05baf238ecb15a54c659862ed6f97296f184d2,020ef4ade722b7b714e50dc7cb2d79a33a1976dddefb54e6b076974277d9a288,2c62f0fdd09ae85a042f8081852650990997cf0afad981fac470261354afcec7
8,icosphere_l3,14,3,4,4,deterministic_random,deterministic_random_seed_8987565991628615387,1,15990239860534614901,d79d375055b006ce804355602a5374448ae9b33dbb2c1819c22b63832fe410c2,300000,300000,74983,225017,5840,proposal_budget_exhausted,False,,1754,5809,8,9,13440,241,382,6,1,6897,241,382,6,1,6897,2366770afe20862d506726a4db6b29b500274dcf2dc1e0aa31748cff416b0c7b,8f93b54dacf26a20f607939974972158e801bfa196051858dadc2f7d7d35298b,aa93ea2ba16487c703fa9f75778788714b8eacc5ee4230beb66fb5db0f7f4f81,a8e59715b0808838e5ff4947d5d6c3ee876ebd498158063efef16f0461182345
8,icosphere_l3,14,4,5,1,stage3_baseline,canonical_index_binary,0,5086254788161031925,d79d375055b006ce804355602a5374448ae9b33dbb2c1819c22b63832fe410c2,300000,300000,75080,224920,3097,proposal_budget_exhausted,False,,479,746,5,2,7642,6,6,1,6,6631,6,6,1,6,6631,6e7cc2e8f8fac2a32a996ad48924eb608e6d308b6e192e4b2c42bd45ff3514ae,ae532d6f902098cc3587e7fc863c5bfbcfa4e8d60757b17cadd3e610e3bd993b,ae532d6f902098cc3587e7fc863c5bfbcfa4e8d60757b17cadd3e610e3bd993b,7f4fd4557ca3c4ae56c2070bebd6a132fb9fb9bba7a707e32222a87d32e229ca
8,icosphere_l3,14,4,5,2,stage3_baseline,canonical_index_binary,1,5109494565358466984,d79d375055b006ce804355602a5374448ae9b33dbb2c1819c22b63832fe410c2,300000,300000,75377,224623,3056,proposal_budget_exhausted,False,,479,746,5,2,7642,5,5,1,5,6570,5,5,1,5,6570,6e7cc2e8f8fac2a32a996ad48924eb608e6d308b6e192e4b2c42bd45ff3514ae,8d4222f1ca2f1a4033a53092207e3b95ebce07b14b6d178ef0f4ff9e9f9c5e02,1158ee285928309e63b407913a3e435d4e287759f5865abee74f7e30b55287d1,fcae6e08eb332962d1e985e2deee516999a68e4da2fc0ef3baada18eba52c848
8,icosphere_l3,14,4,5,3,deterministic_random,deterministic_random_seed_11493913799925751573,0,12093793205588493537,d79d375055b006ce804355602a5374448ae9b33dbb2c1819c22b63832fe410c2,300000,300000,74815,225185,4961,proposal_budget_exhausted,False,,1503,4084,8,3,13444,18,18,1,18,7049,18,18,1,18,7049,6a53815c50d37f39b2fd1422015b3b7655c4d0c331dd0b0fc7f5699043865323,ffb919699d780825deca695dc78dc477b241afaf896564bc0feadf22f72d138a,ffb919699d780825deca695dc78dc477b241afaf896564bc0feadf22f72d138a,0a98563b31e4769064a455c341a004d60dc33323fd71476824746227ab4e7b1b
8,icosphere_l3,14,4,5,4,deterministic_random,deterministic_random_seed_17120113439233140220,1,1701476700185381567,d79d375055b006ce804355602a5374448ae9b33dbb2c1819c22b63832fe410c2,300000,300000,75299,224701,4904,proposal_budget_exhausted,False,,1501,4001,8,4,13331,29,31,2,2,7005,29,31,2,2,7005,0cddefb5691fd69fc74f7d8b6ac21a19be97f26ccc1670beae3cb70d33cfb61e,9a09c1a4e29c2480aa5e6748e7017295b8263214e0c7ab75df80990a30fdc498,8734de04044a992357cc3481821478f7e0f6c38df4bb00e776a2b664efd29756,c7b2ad6bdc598b379521efdba003610af42b505fc9e212f2dac9a5dfec59b4a5
8,icosphere_l3,14,5,6,1,stage3_baseline,canonical_index_binary,0,6368460895276186346,d79d375055b006ce804355602a5374448ae9b33dbb2c1819c22b63832fe410c2,300000,238781,60076,178705,5582,target_feasible,True,238781,193,267,4,2,7642,0,0,0,226,7357,0,0,0,226,7357,6e7cc2e8f8fac2a32a996ad48924eb608e6d308b6e192e4b2c42bd45ff3514ae,c6c48b13f838f7644e729e84df08f63ec52c6bd7df3f4194dbeeab8bd0cfeb80,c6c48b13f838f7644e729e84df08f63ec52c6bd7df3f4194dbeeab8bd0cfeb80,474f54ca7f0f59e60d3a9c641b7cbc79fb1e00a36941f2696262838827672906
8,icosphere_l3,14,5,6,2,stage3_baseline,canonical_index_binary,1,2990183074924861035,d79d375055b006ce804355602a5374448ae9b33dbb2c1819c22b63832fe410c2,300000,238377,59705,178672,5476,target_feasible,True,238377,193,267,4,2,7642,0,0,0,209,7305,0,0,0,209,7305,6e7cc2e8f8fac2a32a996ad48924eb608e6d308b6e192e4b2c42bd45ff3514ae,b1429c68e5934988c31b7dd58b941b138036140b9515a62084cfa9628e0ba1f3,b1429c68e5934988c31b7dd58b941b138036140b9515a62084cfa9628e0ba1f3,52f0af792e0015932c10607b99a5bf9becd549a00c1752cd05f39f06b12be84e
8,icosphere_l3,14,5,6,3,deterministic_random,deterministic_random_seed_5909152920304687489,0,18064407606225927699,d79d375055b006ce804355602a5374448ae9b33dbb2c1819c22b63832fe410c2,300000,241429,60651,180778,6467,target_feasible,True,241429,1184,2602,7,5,13497,0,0,0,196,7146,0,0,0,196,7146,21a01188f527ecfb33a4bdf7ea36e20924cb9cc023302fe9c29ed48a78da6b78,d5d0214b4d32cd86b73a49139de51b42f9ec7a985fec54dbb9c9518c35fee38d,d5d0214b4d32cd86b73a49139de51b42f9ec7a985fec54dbb9c9518c35fee38d,b18cf248068c6d0b2ba8b5db6c9b6c42f9c3ab96fc71754e6b0c34a09808107e
8,icosphere_l3,14,5,6,4,deterministic_random,deterministic_random_seed_1655287725414496895,1,2376411185407847930,d79d375055b006ce804355602a5374448ae9b33dbb2c1819c22b63832fe410c2,300000,222234,55831,166403,6251,target_feasible,True,222234,1173,2601,7,3,13491,0,0,0,251,7503,0,0,0,251,7503,3515678e7850d1534ebc54fde077abc4cad3a35eaec31213dbcb8e12872764fb,2347035219ecc9087a1b020c0670f54e3a14e3e67f03641554c16f76c38473f0,2347035219ecc9087a1b020c0670f54e3a14e3e67f03641554c16f76c38473f0,aeef8e30012d8ed0f3ebfa0e0915d7266b7b22d15697b10102d0376c2e238aa0
9,primitive_q2_knn4,7,1,2,1,stage4_witness,m7_r3,0,16485135629702114812,504e0a4fe560587dfbe701876f75e5ab89a1824f1f251fd562d5e09fccf9217b,150000,150000,37410,112590,1770,proposal_budget_exhausted,False,,111,111,1,111,593,4,4,1,4,430,4,4,1,4,430,b50ecae736465d0b421c4f9a94b8b1b7beca8d1b3e8445c74515b11742b0691f,9257d2b1e8df16ad1b79055b4a38c83bec59884c99bdc493b2dafed4fa6526b6,b978fc1dbabcfd9bb4b559d7b0845eda044d8f527b0cfe4da2ab741f41649086,e0f9b8aa0d76f4ed60fee71aa496335ae0b34a4ccd8477ecbab4fe2512ea402b
9,primitive_q2_knn4,7,1,2,2,stage4_witness,m7_r3,1,5813026091766907953,504e0a4fe560587dfbe701876f75e5ab89a1824f1f251fd562d5e09fccf9217b,150000,150000,37569,112431,1971,proposal_budget_exhausted,False,,111,111,1,111,593,3,3,1,3,419,3,3,1,3,419,b50ecae736465d0b421c4f9a94b8b1b7beca8d1b3e8445c74515b11742b0691f,97398cb6b6b3fad11856e3cd726e2c9487fb6088c6af74d720b16df67dae430b,6a1463dc87e2fa464a74c7c1ea812bde08befe3bb6dda62e138d6294dd591957,c033ab7b28f4be54ff239b86f190ff8d4e4d9cf5e283aec59eefee5f7080d548
9,primitive_q2_knn4,7,1,2,3,stage3_baseline,canonical_index_gray,0,4210145421167882891,504e0a4fe560587dfbe701876f75e5ab89a1824f1f251fd562d5e09fccf9217b,150000,150000,37461,112539,1882,proposal_budget_exhausted,False,,146,247,4,7,706,7,8,2,1,431,7,8,2,1,431,f78ff68ba2974f8efcc6b2babf7d1593f58d82a72bfc3728f8098dd97eca0a84,b03c0c7134d5ba2b7906bdb32bff2892a5d941c816a8ff158a384104d026f24d,d257a2a162b846e9e9c47357d305b23ac02102214efa06363be71076cd7c1bfc,266ff619e17bb84e1862b25fd6bc3095a4657295d7314ba174ab4fc4b2f844e0
9,primitive_q2_knn4,7,1,2,4,stage3_baseline,canonical_index_gray,1,14344001237466422811,504e0a4fe560587dfbe701876f75e5ab89a1824f1f251fd562d5e09fccf9217b,150000,150000,37331,112669,1827,proposal_budget_exhausted,False,,146,247,4,7,706,7,7,1,7,452,7,7,1,7,452,f78ff68ba2974f8efcc6b2babf7d1593f58d82a72bfc3728f8098dd97eca0a84,385c1a052f06ecb96d2e4e7b7f93d1a938817584a8b025d73cc08148194aaf93,dd155ce8451a384f3885200cace08c9aa0214c967e1fddc1c29b75f31cb44b40,f5c004dd4a712fc1b595bc1a07c266d90ed63701dfecfb0aa3c3fb879a855439
9,primitive_q2_knn4,7,1,2,5,deterministic_random,deterministic_random_seed_1667756926706614769,0,5663028448419059124,504e0a4fe560587dfbe701876f75e5ab89a1824f1f251fd562d5e09fccf9217b,150000,150000,37781,112219,1784,proposal_budget_exhausted,False,,215,456,5,3,976,5,5,1,5,440,5,5,1,5,440,39f80c47f94ff12b781d93a5656a8148a668bb6fadb96fc55b98bb7c30c64c72,2f2f27bad83834ea3118448304ac927a8527ead05e3de4ab6894e70951c1e8e1,10bd915db9d008b7fb8ec9034d50267c7b1fe8154eda82c14cd45371db9fd98d,1a8bc8542d9bcf4bccccd993588a564d377fb33a39b3cee36b4999eadcaf1d87
9,primitive_q2_knn4,7,1,2,6,deterministic_random,deterministic_random_seed_4345607334348802609,1,1766101605208117083,504e0a4fe560587dfbe701876f75e5ab89a1824f1f251fd562d5e09fccf9217b,150000,150000,37274,112726,1952,proposal_budget_exhausted,False,,201,402,5,2,915,5,6,2,1,434,5,6,2,1,434,d958696869bc6b1c7ff0417e1627e4d8e3703974f8ec3128fe67d77a27e88196,6f37842ac105ea9da6f34d7bb1a2fcc6b169cdd1fa12a353e30b1a60d1e1aee8,e9b618f5f48ed21a92f8acb1d723dd0a68b85f29a9f782fea15077172fac5599,a8fe4725782f05f0ffeeaa071791d7dc24af00583489fae394d420b06c922629
10,primitive_q2_knn4,8,1,2,1,stage4_witness,m7_r3,0,2937278575397798351,504e0a4fe560587dfbe701876f75e5ab89a1824f1f251fd562d5e09fccf9217b,150000,150000,37565,112435,1672,proposal_budget_exhausted,False,,111,111,1,111,593,9,9,1,9,440,9,9,1,9,440,1d88e5e38e2bd8844cdc037a6069b6f38c4c92e34080062e041d02c13258c9ce,b9659138327cd86d17a864b17ce7cad506c8f73c9dbbc17db4a3e87817edf3ea,6fcd0a2cf78c3381d931acc87de97dfbf71dc29a231dd716c659c040caa16b0b,dd211a2fa13387723c191189f9a661eeb259ac3105785e2f5220157b9174b7c3
10,primitive_q2_knn4,8,1,2,2,stage4_witness,m7_r3,1,17976902270781344438,504e0a4fe560587dfbe701876f75e5ab89a1824f1f251fd562d5e09fccf9217b,150000,150000,37258,112742,1688,proposal_budget_exhausted,False,,111,111,1,111,593,6,7,2,1,450,6,7,2,1,450,1d88e5e38e2bd8844cdc037a6069b6f38c4c92e34080062e041d02c13258c9ce,afc689000c57c784c76a5b86f0d520fa8260a4968c12e2af2121dca668adfe9a,1e92b7cabde6feff5ac04427d7f3d2f714f84b317bdb7cd703700fe48fb72e63,6b58ba879ba0ba40a01280432673f7046196473dc85727e81d092b596a17d9af
10,primitive_q2_knn4,8,1,2,3,stage3_baseline,canonical_index_gray,0,2987539982205051677,504e0a4fe560587dfbe701876f75e5ab89a1824f1f251fd562d5e09fccf9217b,150000,150000,37488,112512,1992,proposal_budget_exhausted,False,,146,247,4,7,706,8,8,1,8,433,8,8,1,8,433,2c9bb58f561cccd7779e14cd540e609a3ed6a03615061c1efe5c36a613842222,638c3d4585408d668b7e300785e26593bcdda7f6cb72af457aaec317ca7603df,f5f38a9f2aaa823a33525fa00821d037f2782d98a990b25cd1a640541a7587f5,0891db35f0e18108e6cea8c357655bdfefe3895a6904c608bf384b9e3ce4e272
10,primitive_q2_knn4,8,1,2,4,stage3_baseline,canonical_index_gray,1,12956333142817298789,504e0a4fe560587dfbe701876f75e5ab89a1824f1f251fd562d5e09fccf9217b,150000,150000,37737,112263,1834,proposal_budget_exhausted,False,,146,247,4,7,706,9,9,1,9,464,9,9,1,9,464,2c9bb58f561cccd7779e14cd540e609a3ed6a03615061c1efe5c36a613842222,590f97d3a8bfa7c36e09be27e705b8ec306c4890f28547cea1fae384198c78a5,9d27818e1d1f7b3f7701294694032cdae5bc8ef2f73c51d8a465da31e3d30db9,c4f440687ee36dedd1ad81afa78110f6f09d020aee9246c8874c2792191600ca
10,primitive_q2_knn4,8,1,2,5,deterministic_random,deterministic_random_seed_2148888761567049158,0,12539797612221382977,504e0a4fe560587dfbe701876f75e5ab89a1824f1f251fd562d5e09fccf9217b,150000,150000,37254,112746,1834,proposal_budget_exhausted,False,,239,544,6,1,1067,3,3,1,3,444,3,3,1,3,444,4af5c7dd137412429efa4de9563cd29b634d99c62a7f6241f48e7e48d8c4ed8e,b9cc459ed99af42ee9241e64dac5d9f802361f4577f7d51efd4ba67563af6967,350cf85245b2aa229b08dedf068a7b8e440fd8a71c50feeb469ea66aa0c778fe,e4fa830b52703c0b9d2fd6e8c0e8977971626efec9ec5245752b30bce16a98b8
10,primitive_q2_knn4,8,1,2,6,deterministic_random,deterministic_random_seed_1903331725735777501,1,13747057116333996574,504e0a4fe560587dfbe701876f75e5ab89a1824f1f251fd562d5e09fccf9217b,150000,150000,37559,112441,1891,proposal_budget_exhausted,False,,227,534,6,2,1052,3,3,1,3,445,3,3,1,3,445,c3515bd1d4d8c9975a4abade7a2a48fe817547f86b1979a79cdcb89fdde488e7,ad61c4d3bc063bf38194f7c8994e2c8de77d39ccd204c004de4ca6252a1b5786,e52d9c023e519a6cdd6d546c2d84327182904b469097f32c3d56363f82e6db08,ae6efdfc774faf4cd98b97b991dac7e1975c168e554614a2e6d53b13c1f73590
12,primitive_q2_knn6,7,1,2,1,stage4_witness,m7_r3,0,2064250310157314924,504e0a4fe560587dfbe701876f75e5ab89a1824f1f251fd562d5e09fccf9217b,150000,150000,37526,112474,949,proposal_budget_exhausted,False,,147,147,1,147,768,12,13,2,1,592,12,13,2,1,592,cfdd67887208df6018b1ccf664b2471257b61201038a65baa5159b9669c47afe,dd01dee09482121a6c890eb9043b5ad8a1a6c044c2a39da02951f7d8b72304fa,b850f4c01ee9ea0b9f65e24163fd2e9379565fd44851734df12169568211d1c2,2443626cf159d1a840569a8747380c8b19cdf996797831a2cd1a0a86f2d2cff3
12,primitive_q2_knn6,7,1,2,2,stage4_witness,m7_r3,1,7835189585548385090,504e0a4fe560587dfbe701876f75e5ab89a1824f1f251fd562d5e09fccf9217b,150000,150000,37464,112536,1200,proposal_budget_exhausted,False,,147,147,1,147,768,17,20,2,3,574,17,20,2,3,574,cfdd67887208df6018b1ccf664b2471257b61201038a65baa5159b9669c47afe,e948687396cc39b0c91eae3283fd1510735c6942e60aa653459af8e2dc9fd5a6,5ac4e126f073ad4eb466dbc47afd4049d8d969e2c87383db8b73753b4da97e70,4a573584f733c1cd835af23d8c016ca270df368584d1186d11a05228e65cd478
12,primitive_q2_knn6,7,1,2,3,stage3_baseline,canonical_index_gray,0,17744452131951984073,504e0a4fe560587dfbe701876f75e5ab89a1824f1f251fd562d5e09fccf9217b,150000,150000,37244,112756,966,proposal_budget_exhausted,False,,195,328,4,7,930,18,21,2,3,594,18,21,2,3,594,f78ff68ba2974f8efcc6b2babf7d1593f58d82a72bfc3728f8098dd97eca0a84,c4dccbc9677dca6c5143d322a42189d75574c334c0f42d67073e13c9e962ac1c,88331aecc6b1e7937fdf0e3dd2e854596193eb181e02577ff6b538c4bd7b3851,eebf2eb037cf480c91b9c7db2ab545c84b029549837dc55d8a20d83acb2aab14
12,primitive_q2_knn6,7,1,2,4,stage3_baseline,canonical_index_gray,1,1527872667614000757,504e0a4fe560587dfbe701876f75e5ab89a1824f1f251fd562d5e09fccf9217b,150000,150000,37422,112578,1165,proposal_budget_exhausted,False,,195,328,4,7,930,15,17,2,2,580,15,17,2,2,580,f78ff68ba2974f8efcc6b2babf7d1593f58d82a72bfc3728f8098dd97eca0a84,cc5162b54d4594fb8f86469d60e66d570698b907d10be33d7528538d8766662a,cc5162b54d4594fb8f86469d60e66d570698b907d10be33d7528538d8766662a,06370075835823d4ef10fa4796a59c2488d24f3b3e2d92e8e354ffc5b0e0b5cf
12,primitive_q2_knn6,7,1,2,5,deterministic_random,deterministic_random_seed_4315314337605744372,0,10352887332320481257,504e0a4fe560587dfbe701876f75e5ab89a1824f1f251fd562d5e09fccf9217b,150000,150000,37409,112591,1349,proposal_budget_exhausted,False,,262,545,5,6,1198,18,21,2,3,584,19,22,2,3,580,6d0f10aedbf2b18310b26c8f774d380469521ece7c9aef21060ead1d0da8b17c,efdc170946ac6d3ad35762f604aa24ca19acd3c93e3f7b9c1a029bd75546748d,599f61b653459c9f1edbac9ab1d8796a73b02b31656e3c5bf4f15cd732761df7,5d445706f3cb326d71689c813edaf81c01e891153babd6ef3f35d2c3ce58965c
12,primitive_q2_knn6,7,1,2,6,deterministic_random,deterministic_random_seed_2213915068799647369,1,13596673127086463106,504e0a4fe560587dfbe701876f75e5ab89a1824f1f251fd562d5e09fccf9217b,150000,150000,37661,112339,1267,proposal_budget_exhausted,False,,256,524,5,3,1176,15,22,2,7,596,15,22,2,7,596,f1e63cd3066aff78d8335539b4b5dc74de46904059adaa662f1b1118abdc58a9,69a78d3270b09f0120d8577f17f5f4aef72a3eec9bc96872c3a2f63f06d4c1ba,505c5ddc497ef05a5ff62cab80cda95a526fad49101f7f399e2b7987a8e5a7e3,df03f8270693fe7497412bfc63fbc5ea2df614c064bccf8169536c7b1ff67a5a
13,primitive_q2_knn6,8,1,2,1,stage4_witness,m7_r3,0,5007165660676119099,504e0a4fe560587dfbe701876f75e5ab89a1824f1f251fd562d5e09fccf9217b,150000,150000,37557,112443,851,proposal_budget_exhausted,False,,147,147,1,147,768,18,27,2,9,626,18,27,2,9,626,4c39c02e52afc4074e2be94de7140ffc0ee16671ac5c2f6015b5e1ea45313f05,779887a224f9a2cc6e6a8fa40ae93425c9434922f1a1948a0b65bda992b2ac7c,18136c41693c5029be89cc2b3685e8bfa097276dcd8ee336081803814eb5d0d7,b2f5c03087998ee538fffc9def4604d99aa609449d1bd565e75e0bc38b477e78
13,primitive_q2_knn6,8,1,2,2,stage4_witness,m7_r3,1,10388335229498583669,504e0a4fe560587dfbe701876f75e5ab89a1824f1f251fd562d5e09fccf9217b,150000,150000,37669,112331,1084,proposal_budget_exhausted,False,,147,147,1,147,768,14,17,2,3,600,14,17,2,3,600,4c39c02e52afc4074e2be94de7140ffc0ee16671ac5c2f6015b5e1ea45313f05,da66d10fd019c2cb14f034cf1dd577af18e53b589ce06c648d4593386c59f4c1,4ecc0eadc584fca8ce03c69f006d3aace0f7752b999a17fcd9e51a9134c554c1,c8f5023a0420eb20a0a7b2b8c1a1d7131f861741169947257c0988e6682bf0f6
13,primitive_q2_knn6,8,1,2,3,stage3_baseline,canonical_index_gray,0,8538444674501616096,504e0a4fe560587dfbe701876f75e5ab89a1824f1f251fd562d5e09fccf9217b,150000,150000,37454,112546,941,proposal_budget_exhausted,False,,195,328,4,7,930,23,26,2,3,594,23,26,2,3,594,2c9bb58f561cccd7779e14cd540e609a3ed6a03615061c1efe5c36a613842222,249492f494988bb722927c162f5b95a92ccf9f05674c9c7a6a6d62bd0751a0d3,0b92d34fba76c66802cfc48f2046ee701471e166700a8b0480dece85b60e397c,1b2bf3877480f54e6e7280e0c3855c499a8c6fd225f6546026989cc2969f831e
13,primitive_q2_knn6,8,1,2,4,stage3_baseline,canonical_index_gray,1,5187913318752159300,504e0a4fe560587dfbe701876f75e5ab89a1824f1f251fd562d5e09fccf9217b,150000,150000,37459,112541,976,proposal_budget_exhausted,False,,195,328,4,7,930,14,17,2,3,594,14,17,2,3,594,2c9bb58f561cccd7779e14cd540e609a3ed6a03615061c1efe5c36a613842222,4445ead341fb154b4cb8ae346b5a36bdba6b621c1a0c67219e1d4ff96e1c72d5,4445ead341fb154b4cb8ae346b5a36bdba6b621c1a0c67219e1d4ff96e1c72d5,13e50182a3887e1244f07d5cae8ea8c4488d9817b765522f217ac38099b0af51
13,primitive_q2_knn6,8,1,2,5,deterministic_random,deterministic_random_seed_8395085848546293073,0,17344484648335608955,504e0a4fe560587dfbe701876f75e5ab89a1824f1f251fd562d5e09fccf9217b,150000,150000,37505,112495,1201,proposal_budget_exhausted,False,,290,740,6,2,1404,16,19,2,3,600,16,19,2,3,600,95608010f10ef568eb32cd2cbbe9f397a0d4b6cbb238cc110896541c110874c1,9db4868c7906aa17d34a5fd06b91b3fae77ff4af11bb172f7fb0f33d3e5b0883,9db4868c7906aa17d34a5fd06b91b3fae77ff4af11bb172f7fb0f33d3e5b0883,a7752de267056789da8d6b2970a1b58441469abdd2bc6b9328966b5c6303f68d
13,primitive_q2_knn6,8,1,2,6,deterministic_random,deterministic_random_seed_1060939460755445250,1,16208720964329242048,504e0a4fe560587dfbe701876f75e5ab89a1824f1f251fd562d5e09fccf9217b,150000,150000,37338,112662,1042,proposal_budget_exhausted,False,,289,694,6,2,1354,20,22,2,2,566,20,22,2,2,566,662087f976852710f91c4e9d4761fd0197c637cca759bf2487ca4404688dc536,c4971144aeb29b3de5a457eeb63f3853e004a08b04765b88a63ded5e0babf20f,0eb8686a04228443e9e31e96512f4b55b51fa337e0afc8397db212d01c582907,6f4f157a625e54f0b5525e91b99f13c15036b200993221ae00da165b520508b5
14,primitive_q2_knn6,9,1,2,1,stage4_witness,m7_r3,0,11349312526593777163,504e0a4fe560587dfbe701876f75e5ab89a1824f1f251fd562d5e09fccf9217b,150000,150000,37421,112579,781,proposal_budget_exhausted,False,,147,147,1,147,768,34,44,2,10,624,34,44,2,10,624,67eb69c3e28e30f04ead0777a230d6022f8e173b9000a1e4b56d9e517ef7d61c,ee1de67ed3551205813cd7723889d9245eb51a4166b174abcfadc3990b0a9848,6ae9d50ad55ffec27131c8e7c43ea61f043d2b94ed3eb92df597bd3376680a14,8a905d54dc16f3360311f8204d3c4faa4fcef355ac6dea43c84df4f7c18df71c
14,primitive_q2_knn6,9,1,2,2,stage4_witness,m7_r3,1,18282048124829909621,504e0a4fe560587dfbe701876f75e5ab89a1824f1f251fd562d5e09fccf9217b,150000,150000,37279,112721,828,proposal_budget_exhausted,False,,147,147,1,147,768,23,32,3,1,632,23,32,3,1,632,67eb69c3e28e30f04ead0777a230d6022f8e173b9000a1e4b56d9e517ef7d61c,aa7c6c33ee5b94bb4e1ffb62cc665090f48caf8f5c4091506e118c7f6658724f,83003935b4794ac812127f5220bcb15ef1b05f33a2c0aba4484397334911e054,1dfe7889340ee239579658620dee786c2566ac033111dc9f55ac54961511ab7b
14,primitive_q2_knn6,9,1,2,3,stage3_baseline,cartesian_coordinate_gray,0,13130130887767316231,504e0a4fe560587dfbe701876f75e5ab89a1824f1f251fd562d5e09fccf9217b,150000,150000,37261,112739,315,proposal_budget_exhausted,False,,48,48,1,48,576,13,14,2,1,544,13,14,2,1,544,bf327dcafd02a4a46e449adcce8fff14ebe595fc9b046a0e9bd04f26fc6720b7,9487431e51ef98e9d0156f008c64785850483b71ff8dd8ce4919aea1ef93f4bf,9487431e51ef98e9d0156f008c64785850483b71ff8dd8ce4919aea1ef93f4bf,679c5968ad1715ba2cb107bf27025bdf6a838df68748a75e24f2b6a32ecc3b31
14,primitive_q2_knn6,9,1,2,4,stage3_baseline,cartesian_coordinate_gray,1,18146751032738577255,504e0a4fe560587dfbe701876f75e5ab89a1824f1f251fd562d5e09fccf9217b,150000,150000,37418,112582,418,proposal_budget_exhausted,False,,48,48,1,48,576,15,16,2,1,538,15,16,2,1,538,bf327dcafd02a4a46e449adcce8fff14ebe595fc9b046a0e9bd04f26fc6720b7,96f6a4cf499d6e296e78ab7d4a632b8527cc5a0222115a7c73773ee5e6d8ab4a,beea6e0ffa944429c96c806b855a909337f82ae43da2a3f5c2e6028603a965fc,af441802e8bef27f338d6dd6847a3da5cbda01dfa9740b42238a5ea508ef109a
14,primitive_q2_knn6,9,1,2,5,deterministic_random,deterministic_random_seed_2088600466344507140,0,11232110539208874447,504e0a4fe560587dfbe701876f75e5ab89a1824f1f251fd562d5e09fccf9217b,150000,150000,37342,112658,1344,proposal_budget_exhausted,False,,305,844,7,1,1508,28,38,2,10,638,28,38,2,10,638,6c668292f0b32c8c4f8383a4e34b15e79d54a6c59c3b2c813322e5c1c6a77c78,70e27bf960cc7390239549469231409c406efaa3cfbff8a501f143235f2609a8,6716535aa8b20077906e2f9aac91ea59368d616e791254141ee688958317284d,302ec62011ef71f364bd2edd4433a630a2e101684bf05ca694b4516f4db55082
14,primitive_q2_knn6,9,1,2,6,deterministic_random,deterministic_random_seed_388774414506953523,1,16651134630083942321,504e0a4fe560587dfbe701876f75e5ab89a1824f1f251fd562d5e09fccf9217b,150000,150000,37708,112292,1427,proposal_budget_exhausted,False,,302,853,6,11,1520,26,32,2,6,624,26,32,2,6,624,38e016103506add8c1aebc9a2c02b3ef8db0c7ff6b0a1bbd4238ea7815006317,f16e201aa7602cc9748047b27ec936d14a3cbc01b9709aa37cf97f6deed2022f,f16e201aa7602cc9748047b27ec936d14a3cbc01b9709aa37cf97f6deed2022f,2ffb5f3fb53920add4d11338a38033b0664a175e6030f3987e0ae7f646d76835
15,primitive_q2_knn6,11,1,2,1,stage4_witness,m7_r3,0,1928448248204275126,504e0a4fe560587dfbe701876f75e5ab89a1824f1f251fd562d5e09fccf9217b,150000,150000,37658,112342,1162,proposal_budget_exhausted,False,,147,147,1,147,768,54,76,3,4,654,54,76,3,4,654,f4e7de3159cbcc741febd081f2d51ce29a8f7a31696a15b638c81adfbcb44176,baf697f4fa957315e5db6ca4318f2c2d3311099a636efd5385aa7c516908ae90,848f98a49fbe9207294e66b5676e8bbf1a0b704ed5e4fb5aa4e5a06bca450bf9,b1082ed1e667c00378b98e43332c62f8108c4aafc60ab469e9efb953a3fbb866
15,primitive_q2_knn6,11,1,2,2,stage4_witness,m7_r3,1,7097442523071355808,504e0a4fe560587dfbe701876f75e5ab89a1824f1f251fd562d5e09fccf9217b,150000,150000,37660,112340,1054,proposal_budget_exhausted,False,,147,147,1,147,768,39,56,3,2,632,39,56,3,2,632,f4e7de3159cbcc741febd081f2d51ce29a8f7a31696a15b638c81adfbcb44176,68a54c24836568edd6cae44b32d9850c06bccb9a299b81716cbc95b4f267851e,68a54c24836568edd6cae44b32d9850c06bccb9a299b81716cbc95b4f267851e,b23c8422801460c97915ad201dd694fe1ce381e4ea0ea6a370ee5636564ce802
15,primitive_q2_knn6,11,1,2,3,stage3_baseline,cartesian_coordinate_gray,0,7656731026587317339,504e0a4fe560587dfbe701876f75e5ab89a1824f1f251fd562d5e09fccf9217b,150000,150000,37587,112413,230,proposal_budget_exhausted,False,,48,48,1,48,576,25,29,2,4,566,25,29,2,4,566,bde42ce13782fa3e4b4af4303a7f083289519d9bd3e7bf0e5efe35a4f9ce6851,021d2b3329b55447ab1806c56e29fe7320d4bd3ffcf1044823105af5338b1aea,021d2b3329b55447ab1806c56e29fe7320d4bd3ffcf1044823105af5338b1aea,600727a463cb5b8627d1ec81600e6de49aa7f6ac1b0e00948d891d7e93181056
15,primitive_q2_knn6,11,1,2,4,stage3_baseline,cartesian_coordinate_gray,1,10072975279472085108,504e0a4fe560587dfbe701876f75e5ab89a1824f1f251fd562d5e09fccf9217b,150000,150000,37810,112190,291,proposal_budget_exhausted,False,,48,48,1,48,576,28,30,2,2,554,28,30,2,2,554,bde42ce13782fa3e4b4af4303a7f083289519d9bd3e7bf0e5efe35a4f9ce6851,3c97deb97ab863dc8b77d2b182b5aad5711575484090b5503794bc41067e4c2e,3f9b58dd31f29aeb8797831225151ea9227f89460c55b909f8738b127eaf5159,e9064cce2ce7ccf96471d56fec254bff9e3405fc1b98244e149cad0f5d8431d0
15,primitive_q2_knn6,11,1,2,5,deterministic_random,deterministic_random_seed_4823340995707982199,0,17446369737848252499,504e0a4fe560587dfbe701876f75e5ab89a1824f1f251fd562d5e09fccf9217b,150000,150000,37795,112205,2559,proposal_budget_exhausted,False,,318,1155,7,13,1822,46,71,3,1,666,46,71,3,1,666,d750d3a15acd7864486a15bf6871fedabbd30850151503ad92150d3123167849,257931cda1284da5b2d630f602d87bb5aee8d811d0bee1f7601b4e6f37a0c9da,b378b7955e8d30bbd1d7d91508bbb85709faccd26d5ec3d79740e1d4047f96da,10c02cad109aeda5d9e2514e92374e2f0d8637ee3771783a9df4be7b6c9b38e0
15,primitive_q2_knn6,11,1,2,6,deterministic_random,deterministic_random_seed_5752446080084892349,1,13507678239653421701,504e0a4fe560587dfbe701876f75e5ab89a1824f1f251fd562d5e09fccf9217b,150000,150000,37756,112244,3195,proposal_budget_exhausted,False,,329,1227,8,3,1898,53,92,4,2,716,53,92,4,2,716,c373c3d7e185a9c1f47673891934eab55c95b3f7308a79ea43138017cfcf2f36,aaff9f8a941b6ffec35d9423069b938a6fffe5c7b20336dde21ad1bfe962264e,aaff9f8a941b6ffec35d9423069b938a6fffe5c7b20336dde21ad1bfe962264e,7590e430ec49b2ffb4fd0d7aa66674753ddd011296d9f9a71b3a3c2920f9708b
16,primitive_q2_knn8,7,1,2,1,stage4_witness,m7_r4,0,7727575928216648302,504e0a4fe560587dfbe701876f75e5ab89a1824f1f251fd562d5e09fccf9217b,150000,150000,37703,112297,772,proposal_budget_exhausted,False,,286,413,2,127,1251,49,55,2,6,818,49,55,2,6,818,b49b1a8dfb9076cf5209d51022dd3f27e011a4ef0ff7708c264155602edcbf01,d3ac4f2178b494cc62604db0771a604b48f0f1d786cf6f36a9bc249e72f78ad3,d3ac4f2178b494cc62604db0771a604b48f0f1d786cf6f36a9bc249e72f78ad3,2e62c63589f4c5a334fb5909325eaf2b0acce699a3513e9d3e26217742746cd0
16,primitive_q2_knn8,7,1,2,2,stage4_witness,m7_r4,1,15549825115893750310,504e0a4fe560587dfbe701876f75e5ab89a1824f1f251fd562d5e09fccf9217b,150000,150000,37194,112806,758,proposal_budget_exhausted,False,,286,413,2,127,1251,61,82,3,1,841,61,82,3,1,841,b49b1a8dfb9076cf5209d51022dd3f27e011a4ef0ff7708c264155602edcbf01,624f75f8b9287156cbf8e3591a86cb251f4600ed163a52a4d25a2a96b8d0a84d,624f75f8b9287156cbf8e3591a86cb251f4600ed163a52a4d25a2a96b8d0a84d,2cf48a84df3eccda03453ba04e25eff829391a09dfe3e6c48132334736602a64
16,primitive_q2_knn8,7,1,2,3,stage3_baseline,canonical_index_gray,0,16685089710160226106,504e0a4fe560587dfbe701876f75e5ab89a1824f1f251fd562d5e09fccf9217b,150000,150000,37564,112436,676,proposal_budget_exhausted,False,,262,450,4,8,1252,53,64,2,11,821,53,64,2,11,821,f78ff68ba2974f8efcc6b2babf7d1593f58d82a72bfc3728f8098dd97eca0a84,c9526f9ce64398d716268402b551ebfbc80578104421178136acf39debeaad12,c9526f9ce64398d716268402b551ebfbc80578104421178136acf39debeaad12,9bd427f4381c6b9069bc0e0eb92c7b8e46bbe73ccf8b3fbee6a77cfdb8d6df4a
16,primitive_q2_knn8,7,1,2,4,stage3_baseline,canonical_index_gray,1,15834844396772086853,504e0a4fe560587dfbe701876f75e5ab89a1824f1f251fd562d5e09fccf9217b,150000,150000,37712,112288,767,proposal_budget_exhausted,False,,262,450,4,8,1252,50,59,2,9,822,50,59,2,9,822,f78ff68ba2974f8efcc6b2babf7d1593f58d82a72bfc3728f8098dd97eca0a84,9655b274e5fb175dd5639bbd60c47d5a39ca3b176a47850f8d66fea7ef63c4f0,9655b274e5fb175dd5639bbd60c47d5a39ca3b176a47850f8d66fea7ef63c4f0,ac97aeaa14bc43892bcb289afe6cf8b7d1a8e93335000c12f00b280cac6c03f7
16,primitive_q2_knn8,7,1,2,5,deterministic_random,deterministic_random_seed_8683927412577653060,0,14813623599395292556,504e0a4fe560587dfbe701876f75e5ab89a1824f1f251fd562d5e09fccf9217b,150000,150000,37434,112566,830,proposal_budget_exhausted,False,,334,633,5,3,1496,51,65,2,14,827,51,65,2,14,827,820fd3e1489d41b1c5dde568d84a4b8f3d00da44ade9d5f5eeee9150671483dd,2fdeaa922f211e0fff279abbc048011ec9a00c525059d80b62b2ec24f9c3547c,2fdeaa922f211e0fff279abbc048011ec9a00c525059d80b62b2ec24f9c3547c,2d3827ddd3c5d7b257910faed644a9f9b2ac46579ca7e36185a7b2c699e2d209
16,primitive_q2_knn8,7,1,2,6,deterministic_random,deterministic_random_seed_12974654659139506453,1,17092722865932612592,504e0a4fe560587dfbe701876f75e5ab89a1824f1f251fd562d5e09fccf9217b,150000,150000,37231,112769,753,proposal_budget_exhausted,False,,365,741,5,6,1606,53,67,2,14,835,53,67,2,14,835,ab667bde768df5436f95b80345314a47692691d76eb1ab0f0c36abb32cff4e74,483db2ce9ccff1052d7a011930c9a45930855f916659df754ec9cc22420b1528,9776e44586c3cc0782fbe39be27373e56f9978bed775166c0a100279a5e12912,92ae7553456d079c4089815cbe3ec4900a3c36cb80db5d4266530dae43523f3f
16,primitive_q2_knn8,7,2,3,1,stage4_witness,m7_r4,0,4170969549384442185,504e0a4fe560587dfbe701876f75e5ab89a1824f1f251fd562d5e09fccf9217b,150000,86337,21374,64963,1722,target_feasible,True,86337,127,127,1,127,1251,0,0,0,98,830,0,0,0,98,830,b49b1a8dfb9076cf5209d51022dd3f27e011a4ef0ff7708c264155602edcbf01,29a1c13accc6cda189ae0e9a291c608c07ccc45aea51bbd95d098d67850e23e1,29a1c13accc6cda189ae0e9a291c608c07ccc45aea51bbd95d098d67850e23e1,ac3a85767da62f5e36dd1d59a96194550baafe7998ae4c08f2aa0e52725717dd
16,primitive_q2_knn8,7,2,3,2,stage4_witness,m7_r4,1,11949717326772854829,504e0a4fe560587dfbe701876f75e5ab89a1824f1f251fd562d5e09fccf9217b,150000,104285,26026,78259,1816,target_feasible,True,104285,127,127,1,127,1251,0,0,0,80,808,0,0,0,80,808,b49b1a8dfb9076cf5209d51022dd3f27e011a4ef0ff7708c264155602edcbf01,bd3468ac6485cabd4a2626313e1972dc26e7f67e3a5fe27c026cfa8bfd73823f,bd3468ac6485cabd4a2626313e1972dc26e7f67e3a5fe27c026cfa8bfd73823f,017feb55a5d7d61e796c821f192b07751d99a54f22be18dd53ceea2beda8e0c6
16,primitive_q2_knn8,7,2,3,3,stage3_baseline,canonical_index_gray,0,8559789298395087357,504e0a4fe560587dfbe701876f75e5ab89a1824f1f251fd562d5e09fccf9217b,150000,87091,21959,65132,1681,target_feasible,True,87091,134,188,3,8,1252,0,0,0,104,851,0,0,0,104,851,f78ff68ba2974f8efcc6b2babf7d1593f58d82a72bfc3728f8098dd97eca0a84,53340818a0c9c62280b2ae1baea48804ac1b4d10903c7711aeb69941f1d2607c,53340818a0c9c62280b2ae1baea48804ac1b4d10903c7711aeb69941f1d2607c,3468d10f1156efdae27bd7f311040c3f183324e128966dd4e30b5ab9440369b4
16,primitive_q2_knn8,7,2,3,4,stage3_baseline,canonical_index_gray,1,10300750978839456517,504e0a4fe560587dfbe701876f75e5ab89a1824f1f251fd562d5e09fccf9217b,150000,101035,25260,75775,1883,target_feasible,True,101035,134,188,3,8,1252,0,0,0,107,850,0,0,0,107,850,f78ff68ba2974f8efcc6b2babf7d1593f58d82a72bfc3728f8098dd97eca0a84,92e555d0ee17c57c1b29d0570bf03f9ffff82c5e714c299dfdd42fa6a649ae5d,92e555d0ee17c57c1b29d0570bf03f9ffff82c5e714c299dfdd42fa6a649ae5d,b9373bee83d682a1d45cdc380b9d108447bf7a57e64ab14951ec85ccb46ea85e
16,primitive_q2_knn8,7,2,3,5,deterministic_random,deterministic_random_seed_16560553740401483832,0,3091298717066809269,504e0a4fe560587dfbe701876f75e5ab89a1824f1f251fd562d5e09fccf9217b,150000,84397,20998,63399,1815,target_feasible,True,84397,226,366,4,1,1578,0,0,0,113,854,0,0,0,113,854,cebac38863884b7aac9aecb62e26ffb92da419295a6237b31ecbebdac12e4caa,3a8571e5209f7044aa9d8f850349680e9787ba0a1d6afbfedafa21f2b7a3b7b5,3a8571e5209f7044aa9d8f850349680e9787ba0a1d6afbfedafa21f2b7a3b7b5,51db737e41949fc6d509fe2747da9d507ae709b0c07739c3007d9ffdddc872d1
16,primitive_q2_knn8,7,2,3,6,deterministic_random,deterministic_random_seed_3136938349786442564,1,15936531356468472146,504e0a4fe560587dfbe701876f75e5ab89a1824f1f251fd562d5e09fccf9217b,150000,86894,21649,65245,1995,target_feasible,True,86894,226,365,4,5,1591,0,0,0,110,866,0,0,0,110,866,24394316745f784b9ec3cf99c15f4a166277797dae37d40178261c07d8cf89f8,2e9fb4aab072af54cf8e76b44bced0f33e90e291445ee51ed6cf5df157640c45,2e9fb4aab072af54cf8e76b44bced0f33e90e291445ee51ed6cf5df157640c45,e43d0a430edf9675d7d33a28948bf32300c20f8136b18925de329fb69382daf8
17,primitive_q2_knn8,8,1,2,1,stage4_witness,m7_r4,0,14227094869219762843,504e0a4fe560587dfbe701876f75e5ab89a1824f1f251fd562d5e09fccf9217b,150000,150000,37383,112617,664,proposal_budget_exhausted,False,,286,413,2,127,1251,58,73,2,15,846,58,73,2,15,846,ae9233b134128eb1e61caff59a33dc068ad524461a31dc35966dc3f69041a877,50f42c9f94f7a338b2b6d3b701111820e2f9bbb1e3922e9bbfd081c21c473e8c,d9a0865b23a7418b71b406ad66f48977fef8f3d7439cad0cc41430dc535c5914,5c8a0c453c83a9a1af98b9fa27fa5164a7da0f4d27058bb743a4ad6ee62b783b
17,primitive_q2_knn8,8,1,2,2,stage4_witness,m7_r4,1,16977114249265516687,504e0a4fe560587dfbe701876f75e5ab89a1824f1f251fd562d5e09fccf9217b,150000,150000,37568,112432,768,proposal_budget_exhausted,False,,286,413,2,127,1251,55,71,2,16,841,55,71,2,16,841,ae9233b134128eb1e61caff59a33dc068ad524461a31dc35966dc3f69041a877,c404c6954149f58e5c19a4302207368b7ce90e59fdd1c2f3ac8af710ace4739f,f5b51e4ba7332eb19cbd991dad4f7afac30cadf0ebc49e51592b2154af970126,25313641f9aa19f2f39f6b07ff2c25ea93418c0503a9b04a707d9a5197fd95d6
17,primitive_q2_knn8,8,1,2,3,stage3_baseline,canonical_index_gray,0,11866351361785602786,504e0a4fe560587dfbe701876f75e5ab89a1824f1f251fd562d5e09fccf9217b,150000,150000,37629,112371,711,proposal_budget_exhausted,False,,262,450,4,8,1252,59,78,2,19,837,59,78,2,19,837,2c9bb58f561cccd7779e14cd540e609a3ed6a03615061c1efe5c36a613842222,c7be646b580fb5c0344deb136f6dfeae1b25b2c48db45ce7bd4b9b7f11be5d64,aa242b5e539419824f355575d6133e8fe66929477bd5f7aaab5ffeee48445fea,08cf9b8a27a2218eb7c0f8b53242d86abb828d003396b76f33ae64e99ea73962
17,primitive_q2_knn8,8,1,2,4,stage3_baseline,canonical_index_gray,1,170613416190887866,504e0a4fe560587dfbe701876f75e5ab89a1824f1f251fd562d5e09fccf9217b,150000,150000,37453,112547,663,proposal_budget_exhausted,False,,262,450,4,8,1252,61,78,2,17,851,61,78,2,17,851,2c9bb58f561cccd7779e14cd540e609a3ed6a03615061c1efe5c36a613842222,20fd09fb02ad97625a929dedc1d5897bd079663d0199c305eeb9558bdcbd3496,3f78c1d0a1511a6c665ffacb42cf1b9215d4a50192953be0e0d751cb1ce751c6,4b552f6d2b92ea5eb43be0ea2541998f3536a0b522d3af2884113e81e32a18f2
17,primitive_q2_knn8,8,1,2,5,deterministic_random,deterministic_random_seed_13106741850042575675,0,2849947230996291138,504e0a4fe560587dfbe701876f75e5ab89a1824f1f251fd562d5e09fccf9217b,150000,150000,37416,112584,821,proposal_budget_exhausted,False,,381,922,6,2,1794,52,62,2,10,819,52,62,2,10,819,23526e7e58e5ef5ebde2ab69f32f396a96d5c842a05066d00e2760ddd146dcee,0ac84f67ae8df33712a378fba44cd031fc178ba7401e597a860ce34c1ea7aa5e,0ac84f67ae8df33712a378fba44cd031fc178ba7401e597a860ce34c1ea7aa5e,2a989ae613ba056c672c4afb7951ab7a4564df1f9f176e80c823ace0d7196cda
17,primitive_q2_knn8,8,1,2,6,deterministic_random,deterministic_random_seed_7041285467523761759,1,15905614685613797586,504e0a4fe560587dfbe701876f75e5ab89a1824f1f251fd562d5e09fccf9217b,150000,150000,37296,112704,734,proposal_budget_exhausted,False,,385,893,6,3,1768,54,70,2,16,836,54,70,2,16,836,c19ed77994a5deb2cfaa5f6d074198e4c613847c819abf5559975c0662af7e25,e34f8c09e884e302b87ce01688ee85585307503a6187f2bfdbd8da7a70d86370,98011fe9173e2233bf6307795ad229387fc0936edd27ce8b6761a047cdf15658,4dbef2bcb604fc78b862d4af324350fbdbbd9c9d42d4550d7e41c94e6402a0d7
17,primitive_q2_knn8,8,2,3,1,stage4_witness,m7_r4,0,6254627460578733587,504e0a4fe560587dfbe701876f75e5ab89a1824f1f251fd562d5e09fccf9217b,150000,101023,25389,75634,957,target_feasible,True,101023,127,127,1,127,1251,0,0,0,113,857,0,0,0,113,857,ae9233b134128eb1e61caff59a33dc068ad524461a31dc35966dc3f69041a877,757aa9554bad31cd518acdbff29f985e035012c69505cef28ae4cd2ecfb69c3f,757aa9554bad31cd518acdbff29f985e035012c69505cef28ae4cd2ecfb69c3f,42b63055b338fa98fd7675b18e5f4c26c408593d3eb89a03559cdc74ec6667a2
17,primitive_q2_knn8,8,2,3,2,stage4_witness,m7_r4,1,5184705229835680740,504e0a4fe560587dfbe701876f75e5ab89a1824f1f251fd562d5e09fccf9217b,150000,112983,28505,84478,1062,target_feasible,True,112983,127,127,1,127,1251,0,0,0,105,849,0,0,0,105,849,ae9233b134128eb1e61caff59a33dc068ad524461a31dc35966dc3f69041a877,64e0935aae2f626874ac389176d8deda1d0eb62287007620c9169f97e0bee65e,64e0935aae2f626874ac389176d8deda1d0eb62287007620c9169f97e0bee65e,f1fa76a48533c4d29a21798cd24b1efbbc0a79b64e22b7e9e423304cae3cda2a
17,primitive_q2_knn8,8,2,3,3,stage3_baseline,canonical_index_gray,0,10816498019002094067,504e0a4fe560587dfbe701876f75e5ab89a1824f1f251fd562d5e09fccf9217b,150000,126451,31556,94895,964,target_feasible,True,126451,134,188,3,8,1252,0,0,0,92,819,0,0,0,92,819,2c9bb58f561cccd7779e14cd540e609a3ed6a03615061c1efe5c36a613842222,a147ecee7bf06348dbb7b6778387b932f1194294b322fad1848147454e1f0d23,a147ecee7bf06348dbb7b6778387b932f1194294b322fad1848147454e1f0d23,59f59cb06addd20c57d5e70f3af454c8d70383f715d23c17ace74229c7a29fb0
17,primitive_q2_knn8,8,2,3,4,stage3_baseline,canonical_index_gray,1,5336495119319007505,504e0a4fe560587dfbe701876f75e5ab89a1824f1f251fd562d5e09fccf9217b,150000,107069,26795,80274,972,target_feasible,True,107069,134,188,3,8,1252,0,0,0,104,841,0,0,0,104,841,2c9bb58f561cccd7779e14cd540e609a3ed6a03615061c1efe5c36a613842222,4b81c0e8f4dff45d6df46070c34415fbb16c8b2e9cdb931818e8fcfa5fbb1ec8,4b81c0e8f4dff45d6df46070c34415fbb16c8b2e9cdb931818e8fcfa5fbb1ec8,f7d6651a7ae4d1ec24fac8678996201ce4ce8acd65ce9c8444a040bcf060a33f
17,primitive_q2_knn8,8,2,3,5,deterministic_random,deterministic_random_seed_13380452880086352021,0,5164215849762172937,504e0a4fe560587dfbe701876f75e5ab89a1824f1f251fd562d5e09fccf9217b,150000,85490,21289,64201,1079,target_feasible,True,85490,284,545,5,2,1794,0,0,0,125,884,0,0,0,125,884,758da4e66e0cd02de9556323be3d91225a7c8856ad3d7b048a8cd20bd3c9f3b1,4c5b8add46804a6d55f8579cc8e001c68cac2d6ffa8de473ce59abe2af69e2b4,4c5b8add46804a6d55f8579cc8e001c68cac2d6ffa8de473ce59abe2af69e2b4,7f9731ee73641d5f9b46233705cf08cd94e51f70f56dfbcc7979750bcccc25fe
17,primitive_q2_knn8,8,2,3,6,deterministic_random,deterministic_random_seed_17074767616429316984,1,2824508696535060636,504e0a4fe560587dfbe701876f75e5ab89a1824f1f251fd562d5e09fccf9217b,150000,93448,23444,70004,1155,target_feasible,True,93448,286,543,4,15,1794,0,0,0,95,833,0,0,0,95,833,b8aa4133207972165b47385e64db74e9dafcc3f7a92de3bea617b8613f8781e6,86949cf557a675d702922111295b9f3f8096b328b3dbc013e6897351b71065da,86949cf557a675d702922111295b9f3f8096b328b3dbc013e6897351b71065da,217f2089786e1fd5ae1add69a86a3ea03a88bb3a1f86857bfddda5de1aadc41d
18,primitive_q2_knn8,9,1,2,1,stage4_witness,m7_r4,0,8963142623981411648,504e0a4fe560587dfbe701876f75e5ab89a1824f1f251fd562d5e09fccf9217b,150000,150000,37289,112711,579,proposal_budget_exhausted,False,,286,413,2,127,1251,61,77,2,16,842,61,77,2,16,842,0ce1dce835b263e16736b162d2cd10f228684a7ac63eb8ae0706488d11a9ecbb,b3ef6dd5c76a34c93cfc08c8971d2d79805781e04ef846649d261b1b2ec8db68,53884546ff589308f1181fc9996f5a41c7cd66521d971524aea9a8a71b64abe3,b7b54559eb835a7308cd19eba199ec44513500e5892f5d09954858313131b02e
18,primitive_q2_knn8,9,1,2,2,stage4_witness,m7_r4,1,11985317697305301102,504e0a4fe560587dfbe701876f75e5ab89a1824f1f251fd562d5e09fccf9217b,150000,150000,37506,112494,584,proposal_budget_exhausted,False,,286,413,2,127,1251,61,90,3,1,870,61,90,3,1,870,0ce1dce835b263e16736b162d2cd10f228684a7ac63eb8ae0706488d11a9ecbb,f55dbcf4199c8414e6364fb86be1923d4a2d722e20c99c27087c3827c2c05863,4a4da08210da2b278a172889e7e8bdb4a0fdf9d11fee12a9ddc81eeadf672e29,2c7823f257606e00ac0d458b09ac641fe03e9a9bc5802f5f0281422cdeeb09e6
18,primitive_q2_knn8,9,1,2,3,stage3_baseline,cartesian_coordinate_gray,0,7678962630404852669,504e0a4fe560587dfbe701876f75e5ab89a1824f1f251fd562d5e09fccf9217b,150000,150000,37689,112311,65,proposal_budget_exhausted,False,,48,48,1,48,768,17,17,1,17,715,17,17,1,17,715,bf327dcafd02a4a46e449adcce8fff14ebe595fc9b046a0e9bd04f26fc6720b7,218150ce39e78f869cc7def19255efe26afcc9c84630158fa4165abe5ea8bfb7,fcdeb189eb4fad1eae3acb4a91f345b95e7aa4ab50b0a6ae7c814b67a15b0679,0d145eedbef6c419aee568eb49a9b5b27dcdaf93ff9e12752be175c095016362
18,primitive_q2_knn8,9,1,2,4,stage3_baseline,cartesian_coordinate_gray,1,1771338571576386244,504e0a4fe560587dfbe701876f75e5ab89a1824f1f251fd562d5e09fccf9217b,150000,150000,37741,112259,76,proposal_budget_exhausted,False,,48,48,1,48,768,15,17,2,2,717,15,17,2,2,717,bf327dcafd02a4a46e449adcce8fff14ebe595fc9b046a0e9bd04f26fc6720b7,7385241d2198ef9c78836ee2b67a26d7cc9ad3cde69d132062dbd73d3b13bffd,7385241d2198ef9c78836ee2b67a26d7cc9ad3cde69d132062dbd73d3b13bffd,8f99bdc13fb59c0e96c1404bad8cebcefbdf0cd9715e3c7d3fd12046331e6714
18,primitive_q2_knn8,9,1,2,5,deterministic_random,deterministic_random_seed_15940128359045228049,0,3144498693981549102,504e0a4fe560587dfbe701876f75e5ab89a1824f1f251fd562d5e09fccf9217b,150000,150000,37294,112706,991,proposal_budget_exhausted,False,,401,1081,7,2,1960,74,104,3,1,884,74,104,3,1,884,450c1deb2da8846ed42a8c35925504cbf5e7d355632a310d1900b6eeebcd72be,c89a1496acac76786d427d1362335778de01fde4ff30ee52ddb8bfbdef8ebeaf,351fac057955023094fa91049c876a5fa01251078903dab09fd51dbc3758404e,ba983852a33de8355a3f729471466c973045a0b48ad171a941dcd0a0f6475044
18,primitive_q2_knn8,9,1,2,6,deterministic_random,deterministic_random_seed_15487095064325622791,1,12421854328952396305,504e0a4fe560587dfbe701876f75e5ab89a1824f1f251fd562d5e09fccf9217b,150000,150000,37304,112696,903,proposal_budget_exhausted,False,,412,1117,6,5,1997,65,83,2,18,843,65,83,2,18,843,043cda237e8b2848c748dd9c7cb69888da25097c1c11fc50559129711bdbc92f,33db5f2950f6d3fa74722cebb17371983cebbb152344e0dcdd6755a03ab0dafb,ff577ca26d3829f0bc2336b741693a5c9167d65ead463f57cfa9081125de3158,cb6a16562444545db22ebbb1371b1ad2fec98682181e963ca87bf06122678593
19,primitive_q2_knn8,11,1,2,1,stage4_witness,m7_r4,0,8811341058617427681,504e0a4fe560587dfbe701876f75e5ab89a1824f1f251fd562d5e09fccf9217b,150000,150000,37578,112422,568,proposal_budget_exhausted,False,,286,413,2,127,1251,89,119,2,30,899,89,119,2,30,899,48dbc680cc17cd32cbdd88b6aa47a4f788859165a8750de7e6865b69c3c4f72d,c28683ecf293cd373bf26e77456c5a012f6bb99c326dc7c711676b8ee47b76bd,c28683ecf293cd373bf26e77456c5a012f6bb99c326dc7c711676b8ee47b76bd,1580605837498d6a17ef8bf1b550c06ff57ec35d3a331c606745763635b254cd
19,primitive_q2_knn8,11,1,2,2,stage4_witness,m7_r4,1,6652752291702813555,504e0a4fe560587dfbe701876f75e5ab89a1824f1f251fd562d5e09fccf9217b,150000,150000,37406,112594,822,proposal_budget_exhausted,False,,286,413,2,127,1251,76,112,2,36,915,76,112,2,36,915,48dbc680cc17cd32cbdd88b6aa47a4f788859165a8750de7e6865b69c3c4f72d,55b3fe06b6d11cf995fba86d8c156170070a7f967feb41b5c8657306bb0839b7,f0e2bb6cda2f4238317ce892422e480e4f92425e436346ed782150f60c2525a7,805b8846b104805e5bc7c8269fb676ed42e971d3cadb50f8ba43d8f94c2e369b
19,primitive_q2_knn8,11,1,2,3,stage3_baseline,cartesian_coordinate_gray,0,6901384073474227305,504e0a4fe560587dfbe701876f75e5ab89a1824f1f251fd562d5e09fccf9217b,150000,150000,37488,112512,69,proposal_budget_exhausted,False,,48,48,1,48,768,28,28,1,28,728,28,28,1,28,728,bde42ce13782fa3e4b4af4303a7f083289519d9bd3e7bf0e5efe35a4f9ce6851,88c2f9c07753f5502f43afb8c5d1a476789ab0e6d58b4d8b84adf1529a31b7a6,88c2f9c07753f5502f43afb8c5d1a476789ab0e6d58b4d8b84adf1529a31b7a6,66873e71abaa2fb3f51c33e2b1cfa0a7a2babda41ed30df31045118e3d0b54c5
19,primitive_q2_knn8,11,1,2,4,stage3_baseline,cartesian_coordinate_gray,1,16949619546708850039,504e0a4fe560587dfbe701876f75e5ab89a1824f1f251fd562d5e09fccf9217b,150000,150000,37756,112244,54,proposal_budget_exhausted,False,,48,48,1,48,768,42,44,2,2,756,42,44,2,2,756,bde42ce13782fa3e4b4af4303a7f083289519d9bd3e7bf0e5efe35a4f9ce6851,7931dc11de182e16603f6a40d3082ab1e313c13bd943513a4053cd35373aeae1,7a38445d81b17036fe7c4a7d494bd99c86498cc58c21d013b822110a723d0d9a,0cd22d413365a22eeab3172e6ca3db4e838344db4aadf004334b3193e51da38d
19,primitive_q2_knn8,11,1,2,5,deterministic_random,deterministic_random_seed_10142122844347635004,0,10924814952868306566,504e0a4fe560587dfbe701876f75e5ab89a1824f1f251fd562d5e09fccf9217b,150000,150000,37411,112589,1686,proposal_budget_exhausted,False,,425,1521,9,1,2407,96,173,5,1,983,96,173,5,1,983,317be63c9c98508d179e9235105be9ef4eef13a4ccc6f89cbc16f21117bb7309,6efd90dcc350f84d06703c3f64bc0770b62a600cd112d0668b0e754616c92bd6,2decfc9ade00848fc804062e80ae59eaa4a72bc0009d2a2054ab956595fbe031,4082bd85ab94d7ba16cfcd9a6082477d28ca507b5dafcedc25a8d982fc9205a2
19,primitive_q2_knn8,11,1,2,6,deterministic_random,deterministic_random_seed_1329484716620012463,1,11876588844831044645,504e0a4fe560587dfbe701876f75e5ab89a1824f1f251fd562d5e09fccf9217b,150000,150000,37548,112452,2018,proposal_budget_exhausted,False,,429,1614,8,4,2499,88,152,4,8,979,88,152,4,8,979,555c8a6c264937a5c8d3ee92a64e39a6b450b3911085ae0c73bd333412f5fab5,662d2c2ec6e868bce78174a019a53c8143e08c4784a8d6976c89301a0b3c7990,662d2c2ec6e868bce78174a019a53c8143e08c4784a8d6976c89301a0b3c7990,2d8c3e721fa5c3892102f18720eb91ae16f57646a94a656cddffa8b4211eaa91
20,primitive_q3_knn4,9,1,2,1,stage4_witness,m9_r4,0,14856549692573900224,552e2830d8fb43ae649ff637b6ade485dd0dacce1e17a0985b92c37b28b615f2,250000,250000,62319,187681,4997,proposal_budget_exhausted,False,,587,921,2,334,2372,73,104,4,3,1438,73,104,4,3,1438,74581529afe196c8ecf099f6b754d655f2758582e093457cc5ac931dcb2329ad,0e59268f05b6c2120986343f96dec5194aa3ef59047134229ddeaad36f7223d5,83af434c4e8d8bc08ca27eefd4a8b99d8f0dd81ff7abd8036724888b153f7c45,0e7c4e755fef68cf7b20e8ede791217b87ac1c4486bb0eb66c342fad2184cd6a
20,primitive_q3_knn4,9,1,2,2,stage4_witness,m9_r4,1,8719703758198375692,552e2830d8fb43ae649ff637b6ade485dd0dacce1e17a0985b92c37b28b615f2,250000,250000,62433,187567,4711,proposal_budget_exhausted,False,,587,921,2,334,2372,62,82,3,4,1338,62,82,3,4,1338,74581529afe196c8ecf099f6b754d655f2758582e093457cc5ac931dcb2329ad,591bcf14fec9967eceedcab34888c145e18fa982e579d8d5752eb2f87eb2209e,591bcf14fec9967eceedcab34888c145e18fa982e579d8d5752eb2f87eb2209e,62e0eceb093e6849dc978d8754db7acbc65bbcf73977c6863aa417f7f405e400
20,primitive_q3_knn4,9,1,2,3,stage3_baseline,cartesian_coordinate_gray,0,18207011764826129539,552e2830d8fb43ae649ff637b6ade485dd0dacce1e17a0985b92c37b28b615f2,250000,250000,62583,187417,2052,proposal_budget_exhausted,False,,216,336,3,48,1392,40,54,4,1,1249,40,54,4,1,1249,dbfd65225ad579785b4edbd3129dc2b36c62cbf44e7fb08d496bc4d027f60268,3e2c19e5cd86bbfbd82a08f4ad2ca91be5cc05b8a85e4e1228b42f30dc9ce6a5,c61d14ac6818f23d00f899657efd564d43d349085c98936115658cacbd2e88c9,01eec919d925f2f37beea81d30c6f2ccc5c21bae7fd753bf29580b36a4465478
20,primitive_q3_knn4,9,1,2,4,stage3_baseline,cartesian_coordinate_gray,1,4225636069170145280,552e2830d8fb43ae649ff637b6ade485dd0dacce1e17a0985b92c37b28b615f2,250000,250000,62966,187034,2146,proposal_budget_exhausted,False,,216,336,3,48,1392,36,37,2,1,1214,36,37,2,1,1214,dbfd65225ad579785b4edbd3129dc2b36c62cbf44e7fb08d496bc4d027f60268,a89a48c1e1b1e39ca21e300a7f6c16fb5db0b0f8f14c73093b94e8c6e77dc8f4,a89a48c1e1b1e39ca21e300a7f6c16fb5db0b0f8f14c73093b94e8c6e77dc8f4,66e4b13f15158b1a61a802761609c3c38d2bd598970891154e80eb650cf945f8
20,primitive_q3_knn4,9,1,2,5,deterministic_random,deterministic_random_seed_2659074130672260380,0,16238275305381208441,552e2830d8fb43ae649ff637b6ade485dd0dacce1e17a0985b92c37b28b615f2,250000,250000,62427,187573,4882,proposal_budget_exhausted,False,,679,1889,7,2,3363,62,83,3,3,1353,62,83,3,3,1353,a484f3d12758e0217b62902e5018d6b0246c28f3b32523a23a4f492111f12607,0cb8a8f90c15989a47667344664a7ce60288a1ef2bd25d17af90173c85c86414,95cef133cc785c29e1883d3c6d3c9404c331e38091ebccded3fe1831d6fca92c,c44881a908a535d09febbbe3145bb0525a4ef337dfc083789890b9d3b00c5481
20,primitive_q3_knn4,9,1,2,6,deterministic_random,deterministic_random_seed_12234130740778689313,1,13426801576296599696,552e2830d8fb43ae649ff637b6ade485dd0dacce1e17a0985b92c37b28b615f2,250000,250000,62641,187359,5145,proposal_budget_exhausted,False,,680,1869,7,3,3344,65,93,4,2,1380,65,93,4,2,1380,7ad0d40e75ba2b20717a4c84e36bbaa9c77421bc72977fabb4d23931a84df0e8,81fbfd1c65000b209ede2f31c7163662e9462e9aa993137b11203916d1587529,81fbfd1c65000b209ede2f31c7163662e9462e9aa993137b11203916d1587529,781299c2c467c74500895287eab2ec50be2bb665c9f5d07009c62406f359a31c
20,primitive_q3_knn4,9,2,3,1,stage4_witness,m9_r4,0,1323901618718568890,552e2830d8fb43ae649ff637b6ade485dd0dacce1e17a0985b92c37b28b615f2,250000,218924,54947,163977,4414,target_feasible,True,218924,334,334,1,334,2372,0,0,0,146,1380,0,0,0,146,1380,74581529afe196c8ecf099f6b754d655f2758582e093457cc5ac931dcb2329ad,edaa87b8f745fdb9a3ffdf9e546c86c3b18ad9f4843bfc5fa4cae6e6dcd9e78f,edaa87b8f745fdb9a3ffdf9e546c86c3b18ad9f4843bfc5fa4cae6e6dcd9e78f,9961ccd1769b6edb2bb9c1cd81cf69d7786e8aefd6f290dd8e8262b86e89c692
20,primitive_q3_knn4,9,2,3,2,stage4_witness,m9_r4,1,3950625958944175151,552e2830d8fb43ae649ff637b6ade485dd0dacce1e17a0985b92c37b28b615f2,250000,236441,59484,176957,4312,target_feasible,True,236441,334,334,1,334,2372,0,0,0,141,1347,0,0,0,141,1347,74581529afe196c8ecf099f6b754d655f2758582e093457cc5ac931dcb2329ad,d130d03568d9a9ba9e6fc3b5b0025400b4febacb55669b7d5eff08886032a219,d130d03568d9a9ba9e6fc3b5b0025400b4febacb55669b7d5eff08886032a219,2533276f00638f387236474b5cfcc2b6e1bf74bcc0e7164a1104f4551c25e045
20,primitive_q3_knn4,9,2,3,3,stage3_baseline,cartesian_coordinate_gray,0,5572295160103137462,552e2830d8fb43ae649ff637b6ade485dd0dacce1e17a0985b92c37b28b615f2,250000,204987,51394,153593,3368,target_feasible,True,204987,72,120,2,48,1392,0,0,0,175,1397,0,0,0,175,1397,dbfd65225ad579785b4edbd3129dc2b36c62cbf44e7fb08d496bc4d027f60268,504e0fc84a123b8cf68e2bce51f6bb018229f2aade2239ef3a8fd52f4b6ca9c1,504e0fc84a123b8cf68e2bce51f6bb018229f2aade2239ef3a8fd52f4b6ca9c1,67f53562850bb7910111c69477bb77c8a1e3c070be1ff65c8e0d1b0be13d68b3
20,primitive_q3_knn4,9,2,3,4,stage3_baseline,cartesian_coordinate_gray,1,1217927619856026073,552e2830d8fb43ae649ff637b6ade485dd0dacce1e17a0985b92c37b28b615f2,250000,182176,45696,136480,3031,target_feasible,True,182176,72,120,2,48,1392,0,0,0,191,1425,0,0,0,191,1425,dbfd65225ad579785b4edbd3129dc2b36c62cbf44e7fb08d496bc4d027f60268,70819508d521e6e3a3b3aa9ee1553be898cfa6ca7c19300bc58ab6739d766f7b,70819508d521e6e3a3b3aa9ee1553be898cfa6ca7c19300bc58ab6739d766f7b,de8918c91c6acdeb8e8c60fdfb321e48815287c445bfdf1a95b1b66073efd6ae
20,primitive_q3_knn4,9,2,3,5,deterministic_random,deterministic_random_seed_9754351482241960130,0,4926797405388532488,552e2830d8fb43ae649ff637b6ade485dd0dacce1e17a0985b92c37b28b615f2,250000,181106,45213,135893,4778,target_feasible,True,181106,577,1261,5,18,3434,0,0,0,179,1419,0,0,0,179,1419,b929555bf6cb60214a0db9455e25e29efb9613ffb9fc30d27965c49890a6fef6,efdc0efcec343aecea602d9fcdc061a5c81673f9c3c259fcd5350c53414a600e,efdc0efcec343aecea602d9fcdc061a5c81673f9c3c259fcd5350c53414a600e,2a651fa9a9259b5e1617ff5be2a579720ca28361e8ccb35a7e800a9030974e9a
20,primitive_q3_knn4,9,2,3,6,deterministic_random,deterministic_random_seed_16326494309043256467,1,12273083961812156239,552e2830d8fb43ae649ff637b6ade485dd0dacce1e17a0985b92c37b28b615f2,250000,191960,47984,143976,4637,target_feasible,True,191960,555,1180,6,4,3331,0,0,0,167,1414,0,0,0,167,1414,8cd4183c54a9465cce91fb59964a3be0c4d3bc6b301925fe0d838827217daf47,0c359b2a3d9d116c69d1eaa6365609a2afbd195e1f052a0c9e3378ca1413b58c,0c359b2a3d9d116c69d1eaa6365609a2afbd195e1f052a0c9e3378ca1413b58c,ef99276a98354dc899f4e58ee58a0f16a96e2fb43c556ffa83b8881408798e61
21,primitive_q3_knn4,10,1,2,1,stage4_witness,m9_r4,0,7367638658446158564,552e2830d8fb43ae649ff637b6ade485dd0dacce1e17a0985b92c37b28b615f2,250000,250000,62483,187517,6619,proposal_budget_exhausted,False,,587,921,2,334,2372,92,149,4,4,1463,92,149,4,4,1463,cb37d227b62d9fcf12d399715b4998021e4161ff0115923e6b336d99fa8e04d0,8079302ed89eb3e372bf1a15095ea2bbd272d9bf0e8340c8f34af7a63e62053f,adc3b12320a331535c9962c26ff6b9b730f452f3c11dc4fda4be91bb26f21b65,6787f5b1828ede86702a98cba462593e1c3059b6fffb5850e49517cd7eae8d2c
21,primitive_q3_knn4,10,1,2,2,stage4_witness,m9_r4,1,13866310064731471740,552e2830d8fb43ae649ff637b6ade485dd0dacce1e17a0985b92c37b28b615f2,250000,250000,62128,187872,6639,proposal_budget_exhausted,False,,587,921,2,334,2372,120,201,6,1,1527,120,201,6,1,1527,cb37d227b62d9fcf12d399715b4998021e4161ff0115923e6b336d99fa8e04d0,2bfc958ecdb24f0f4843a0a3313ae51701fc1849dfd6c91c17c891cdd3776788,230ac1d5133756e319b6751ec37bc746afc59cac044fd842f32067ae199e8f15,923078997171d88d3542acca340b6a73c677af581be5f9cffc5d6042e36e5849
21,primitive_q3_knn4,10,1,2,3,stage3_baseline,cartesian_coordinate_gray,0,7590147544766793146,552e2830d8fb43ae649ff637b6ade485dd0dacce1e17a0985b92c37b28b615f2,250000,250000,62547,187453,1960,proposal_budget_exhausted,False,,216,336,3,48,1392,55,63,2,8,1274,55,63,2,8,1274,0d77b6507ee2c1e045589ee10bade2d874655045420c1ccd3e130a41f11548c3,5b762105f09965366b910c59da1f2a244d0b009e635d2e11908d98f79a6a53bd,6042928c1eeb8e8c390682bdb154ac375c934dd9ad9b9ecc40a0d284ccfb88c4,ba3253013d064165fa539ab64f57083f52dedfb66d7dbefdaacd0d8138053f5c
21,primitive_q3_knn4,10,1,2,4,stage3_baseline,cartesian_coordinate_gray,1,17096883282561537165,552e2830d8fb43ae649ff637b6ade485dd0dacce1e17a0985b92c37b28b615f2,250000,250000,62103,187897,2018,proposal_budget_exhausted,False,,216,336,3,48,1392,46,52,2,6,1245,46,52,2,6,1245,0d77b6507ee2c1e045589ee10bade2d874655045420c1ccd3e130a41f11548c3,2e4150e460f124657b7d5de20a58ec1542594c59f655c99cf66829b81d84af74,5b2715e77ebd4250b4ac8f09bb4b92755ddfb74222ba92b688ae0493207f562c,854b956f6ae6dbc8c6993326092de9e16ceba967f3ee28ab12f4caa78cfd1416
21,primitive_q3_knn4,10,1,2,5,deterministic_random,deterministic_random_seed_16661834475502167136,0,6198483584542803039,552e2830d8fb43ae649ff637b6ade485dd0dacce1e17a0985b92c37b28b615f2,250000,250000,62755,187245,7037,proposal_budget_exhausted,False,,707,2259,8,2,3743,119,202,5,3,1525,119,202,5,3,1525,70dce5dfbacccd9c89808e868cc01631f4df22bf0d146784255992036e95acae,01fb9982c7d313bc21478f58f1188a90bbf2745a897e1b72f390baa6eee33113,02ca347302f98a4dab1e7bc60be43875b027655bc6e3f88934a0efed225fe33a,24dbc40c15a115fbed91545e0853034907e7a6c52719a9c30fee82c45377b12c
21,primitive_q3_knn4,10,1,2,6,deterministic_random,deterministic_random_seed_16015882076499656612,1,4553529502701731471,552e2830d8fb43ae649ff637b6ade485dd0dacce1e17a0985b92c37b28b615f2,250000,250000,62616,187384,6954,proposal_budget_exhausted,False,,709,2268,7,7,3746,105,161,4,3,1500,105,161,4,3,1500,4a40da37753e84a08a7f2fa8c8bd82c4a1a5e2eb01ca5417a5544f9f14575fa2,c7a89aa1841b7f989f2fc58560c73a97acf349f6d1f94ec2289699b353fc8c48,8ad76c3d6e437303153635ed38e514d055b1799e3079e6560b97da9a360aa2a7,a186a5fd29c19ccf3b41a8865961e2a4f3dac1b915150fb2d4c2f282cd1f97d0
21,primitive_q3_knn4,10,2,3,1,stage4_witness,m9_r4,0,5926523819826153879,552e2830d8fb43ae649ff637b6ade485dd0dacce1e17a0985b92c37b28b615f2,250000,250000,62445,187555,3725,proposal_budget_exhausted,False,,334,334,1,334,2372,4,4,1,4,1510,4,4,1,4,1510,cb37d227b62d9fcf12d399715b4998021e4161ff0115923e6b336d99fa8e04d0,928618158a945a41363c5d2b38251954217f557707a2d20dc60e1e4c7edcb79d,928618158a945a41363c5d2b38251954217f557707a2d20dc60e1e4c7edcb79d,bcb64db5f949d429abc23e736df1913bb61be91c52fab4429fd1446a81315edc
21,primitive_q3_knn4,10,2,3,2,stage4_witness,m9_r4,1,226167366590807701,552e2830d8fb43ae649ff637b6ade485dd0dacce1e17a0985b92c37b28b615f2,250000,250000,62534,187466,3407,proposal_budget_exhausted,False,,334,334,1,334,2372,6,6,1,6,1491,6,6,1,6,1491,cb37d227b62d9fcf12d399715b4998021e4161ff0115923e6b336d99fa8e04d0,94f44b41573dba01f05f569c08e082a3b6bb5e2a3752d7c32dabbcbb4cf1ddcc,d873673aa320b0e2d2c448917798c01d6a0fa994684a6827f14dbb112b33762d,157d8a9936ac5f2e0a842fab014cf1e74bad5d9242af24923bcc172edb4f6909
21,primitive_q3_knn4,10,2,3,3,stage3_baseline,cartesian_coordinate_gray,0,10255440776082657967,552e2830d8fb43ae649ff637b6ade485dd0dacce1e17a0985b92c37b28b615f2,250000,218089,54344,163745,2160,target_feasible,True,218089,72,120,2,48,1392,0,0,0,207,1457,0,0,0,207,1457,0d77b6507ee2c1e045589ee10bade2d874655045420c1ccd3e130a41f11548c3,63847bbe92fa8d457deed2224cf5008b480bb7daa82e18fde50b8d4391e4602d,63847bbe92fa8d457deed2224cf5008b480bb7daa82e18fde50b8d4391e4602d,889eb479c8c803239f676cdc8110ebadefea6d5b87d0c7af92aa2738f17140d4
21,primitive_q3_knn4,10,2,3,4,stage3_baseline,cartesian_coordinate_gray,1,397758136073933470,552e2830d8fb43ae649ff637b6ade485dd0dacce1e17a0985b92c37b28b615f2,250000,250000,62423,187577,2066,proposal_budget_exhausted,False,,72,120,2,48,1392,1,1,1,1,1365,1,1,1,1,1365,0d77b6507ee2c1e045589ee10bade2d874655045420c1ccd3e130a41f11548c3,20481a256c3fd5fa48337050007fd352314dee36ace83b51247a6f3e8bb8c3fa,20481a256c3fd5fa48337050007fd352314dee36ace83b51247a6f3e8bb8c3fa,2785c0d3af1229795ce35324774c00ab67ba16a219105167d23928ab674f9ec1
21,primitive_q3_knn4,10,2,3,5,deterministic_random,deterministic_random_seed_13417022882181716228,0,421218247605681666,552e2830d8fb43ae649ff637b6ade485dd0dacce1e17a0985b92c37b28b615f2,250000,250000,62972,187028,4108,proposal_budget_exhausted,False,,632,1581,7,1,3780,2,2,1,2,1503,2,2,1,2,1503,fa115a96311ecceceface7858d233421b25fca2c60e94b369cfd8eb87f85fc22,9c4df4e1e6dd331414af9cae6e8007e9e639a5b82fa8ad4b9557e9a56331a585,541f35076e4d4b20d289755fb4cb523a0033114f2e933715a0622b745dfcdce2,fe9818ebfdc9393b76dc1dbf42bb8afadf2a37a62df9e050429cfb5598ce3b0c
21,primitive_q3_knn4,10,2,3,6,deterministic_random,deterministic_random_seed_10109456230794604965,1,11898402078796610306,552e2830d8fb43ae649ff637b6ade485dd0dacce1e17a0985b92c37b28b615f2,250000,250000,62381,187619,4069,proposal_budget_exhausted,False,,616,1545,6,4,3730,3,3,1,3,1488,3,3,1,3,1488,882fb419234d3356a148c6f45f0c11761c906a2d279b2ac7bfe734d740203449,ad4f729c0cf1af37a2ec11f0d421d55a57ab397469c69b4df8015a747472ae22,918d092164883ebb338d0ff72c8f1b217a55f83092258359cc77dab11deec6f8,3d58c29afd2705929d7c37d1ba519c54f76ba28cbfbcb8d354652ca33a903c8c
22,primitive_q3_knn4,11,1,2,1,stage4_witness,m9_r4,0,4600607646324194654,552e2830d8fb43ae649ff637b6ade485dd0dacce1e17a0985b92c37b28b615f2,250000,250000,62749,187251,8796,proposal_budget_exhausted,False,,587,921,2,334,2372,199,417,7,1,1788,199,417,7,1,1788,b8f486ac962645af9aa79f7e2546c8e2c13f8acea502da7b9f01b44c5078b748,aca224ee1284d0a5eb4018f26fc31c506bad41054b061a0ac85d70b4304d6c68,757aac1393c7ee5036fd16dbcdf26e876d3ddef48d5087d3ced1c069d5ed14c8,340b07b45b3f1bf65b80bf0d03e7b46bba2baa4528eb6baeb26190538303e03a
22,primitive_q3_knn4,11,1,2,2,stage4_witness,m9_r4,1,17198144741457446214,552e2830d8fb43ae649ff637b6ade485dd0dacce1e17a0985b92c37b28b615f2,250000,250000,62229,187771,8158,proposal_budget_exhausted,False,,587,921,2,334,2372,175,322,6,3,1662,175,322,6,3,1662,b8f486ac962645af9aa79f7e2546c8e2c13f8acea502da7b9f01b44c5078b748,cbdc5ac947926a4fff4f2a3fedd51bde02acb06eb7efabd8c7428c24ba725906,cbdc5ac947926a4fff4f2a3fedd51bde02acb06eb7efabd8c7428c24ba725906,11eb6d31b80800942f42594cf5d97e4d52edf7b200a7d58e9159296d3d713a41
22,primitive_q3_knn4,11,1,2,3,stage3_baseline,cartesian_coordinate_gray,0,4504916993055695005,552e2830d8fb43ae649ff637b6ade485dd0dacce1e17a0985b92c37b28b615f2,250000,250000,62407,187593,2482,proposal_budget_exhausted,False,,216,336,3,48,1392,76,107,4,1,1345,76,107,4,1,1345,37f0334bc212dbaeabcae816e50d0be3be9c308e2d1391ed9c01e8e479e33ca3,4fb5fd36dca77fdf5e9bc10e962a8cb8d1f1848498110839473fcaa123f42499,8868534e8c40b1f492e873d0d77d69405e5cbc5ca0f0bb2c6f346754a5976c1d,5903752668a152c98979af8d4130a3c195bfa7495b2212093c8064b29ddb6730
22,primitive_q3_knn4,11,1,2,4,stage3_baseline,cartesian_coordinate_gray,1,3867431268280230087,552e2830d8fb43ae649ff637b6ade485dd0dacce1e17a0985b92c37b28b615f2,250000,250000,62583,187417,2419,proposal_budget_exhausted,False,,216,336,3,48,1392,89,116,3,2,1355,89,116,3,2,1355,37f0334bc212dbaeabcae816e50d0be3be9c308e2d1391ed9c01e8e479e33ca3,7e76283ec0059f6f02becb36cb999961e17595735eb30c7dda082b13ceb49e12,f706ed1f10b3f77fc438aee5595c4caff6b5adf71dd448ba25e81e6eeb901e63,32bc41efa4b156ba4463ca9d39fe8c763e980e60b80180918b6dbd1d6df7a0df
22,primitive_q3_knn4,11,1,2,5,deterministic_random,deterministic_random_seed_473391454119355822,0,607589804136992184,552e2830d8fb43ae649ff637b6ade485dd0dacce1e17a0985b92c37b28b615f2,250000,250000,63060,186940,9662,proposal_budget_exhausted,False,,720,2604,9,1,4088,187,376,5,6,1716,187,376,5,6,1716,6e7856711da06cd18e325a297aa0b8d4dcfe9bd398838ccde4ddf43d79a60917,0c58cdfdeefeae7e481ab295bb890ebf9465d2452557611ee9c93ba9668e5e6b,e8017f7d04e64efcfbd762e22db6564bbf610ebff5e5154b29bb04063e196d13,72d30e42803402ab6c70cf4d59605ba247d9e349600739089244a09d4f3b0fee
22,primitive_q3_knn4,11,1,2,6,deterministic_random,deterministic_random_seed_6313957741249922224,1,2049707073338775675,552e2830d8fb43ae649ff637b6ade485dd0dacce1e17a0985b92c37b28b615f2,250000,250000,62102,187898,9647,proposal_budget_exhausted,False,,724,2524,8,1,4010,186,360,5,3,1735,186,360,5,3,1735,f1fcf6c098cc12ea7bc770f25104440ca66bf71b88bb842231a41919cb399c0b,951e3b59b5a831f17e9424c0b95b9cadcfd4e0943ece014820586b6eb67206c6,457cce922fb940db9b596e97b82be22bce918802963a11543a5980e00c9934fa,731dc703f8cf848800d83905d723635b388c2a2d961f12ff2d546ba997251c09
22,primitive_q3_knn4,11,2,3,1,stage4_witness,m9_r4,0,5403412649409607075,552e2830d8fb43ae649ff637b6ade485dd0dacce1e17a0985b92c37b28b615f2,250000,250000,62695,187305,3462,proposal_budget_exhausted,False,,334,334,1,334,2372,20,24,3,2,1655,20,24,3,2,1655,b8f486ac962645af9aa79f7e2546c8e2c13f8acea502da7b9f01b44c5078b748,7efda6043a314c5a5e8b715b98058cf8693ed78f00cb7efa4ce4a572bf6f50ee,ef4ae3814f6135b607ac0de632ab91332dad1a91026ddbb836b77bef3e358178,6597f2e3d0a344a558f12bad22f9f015667950ee1a9b1b84a1253e3e6aac180f
22,primitive_q3_knn4,11,2,3,2,stage4_witness,m9_r4,1,17127190912011325910,552e2830d8fb43ae649ff637b6ade485dd0dacce1e17a0985b92c37b28b615f2,250000,250000,62386,187614,3118,proposal_budget_exhausted,False,,334,334,1,334,2372,21,24,2,3,1668,21,24,2,3,1668,b8f486ac962645af9aa79f7e2546c8e2c13f8acea502da7b9f01b44c5078b748,ce5a405d2ebac4fa4d4eb4fcd722bf174208c8e86acc72a9edb13ce591a115a2,891a6504235afdb4dbad7b554950773bef4ca7f630729713208183f99234763e,557363717cc3c5451b723c1a5422761368e051af55bc95a868742748d7d44f77
22,primitive_q3_knn4,11,2,3,3,stage3_baseline,cartesian_coordinate_gray,0,1996823824027893248,552e2830d8fb43ae649ff637b6ade485dd0dacce1e17a0985b92c37b28b615f2,250000,250000,62617,187383,1585,proposal_budget_exhausted,False,,72,120,2,48,1392,7,7,1,7,1509,7,7,1,7,1509,37f0334bc212dbaeabcae816e50d0be3be9c308e2d1391ed9c01e8e479e33ca3,deb915c35bb0b02099177e18ef2b50c2f05e92efe187f854bcc045ce6b3e0d9f,deb915c35bb0b02099177e18ef2b50c2f05e92efe187f854bcc045ce6b3e0d9f,41589d302c45cf30682547fc9b9a5334c89cc7faa09fef2a1064e839df90d113
22,primitive_q3_knn4,11,2,3,4,stage3_baseline,cartesian_coordinate_gray,1,15749397227652832014,552e2830d8fb43ae649ff637b6ade485dd0dacce1e17a0985b92c37b28b615f2,250000,250000,62813,187187,1592,proposal_budget_exhausted,False,,72,120,2,48,1392,2,2,1,2,1512,2,2,1,2,1512,37f0334bc212dbaeabcae816e50d0be3be9c308e2d1391ed9c01e8e479e33ca3,6d68f800030a20464edbf0deb3daf604edf4d81bdfa76dbcfaffdfdea81aad22,6d68f800030a20464edbf0deb3daf604edf4d81bdfa76dbcfaffdfdea81aad22,eb9d34eeae8c1d5200848b49f1d3ecf981de4d5ba5b7ab0f08020504263c02e9
22,primitive_q3_knn4,11,2,3,5,deterministic_random,deterministic_random_seed_10835717099823833104,0,15391973749256229526,552e2830d8fb43ae649ff637b6ade485dd0dacce1e17a0985b92c37b28b615f2,250000,250000,62654,187346,4676,proposal_budget_exhausted,False,,667,1872,8,2,4073,16,18,2,2,1685,16,18,2,2,1685,942198a2438b6f6481ed41b14989b48ec3792b63c2742cf1857668ed0c4242bb,9a6bf348c510bab0f7b11c225ec65785199f99c9f4837c45ad35c5885c0d41c9,9a6bf348c510bab0f7b11c225ec65785199f99c9f4837c45ad35c5885c0d41c9,bce68c899049bd652fa43c688fb0d24706214ada74023cb8c47c927cd76ff67c
22,primitive_q3_knn4,11,2,3,6,deterministic_random,deterministic_random_seed_3768326535449307420,1,2472018811814564525,552e2830d8fb43ae649ff637b6ade485dd0dacce1e17a0985b92c37b28b615f2,250000,250000,62577,187423,4807,proposal_budget_exhausted,False,,651,1841,8,1,4043,18,20,2,2,1649,18,20,2,2,1649,b1fa242010b3b5a1737f5133d268edbfa7f193d8cac489061809292d96856f58,b85aa7bc3d97bedc32b2dbfc377217c02ed65e66103af14de1ea274f7c5adf2a,53cca268d58fc9f482d154ac73e12d319c55dca47c031961ed4da230628bbfcd,81920a5c731718ab86201e4a430bc8f26721d012cdde3ed03c8f126d63927818
23,primitive_q3_knn4,13,1,2,1,stage4_witness,m9_r4,0,577870687754027906,552e2830d8fb43ae649ff637b6ade485dd0dacce1e17a0985b92c37b28b615f2,250000,250000,62623,187377,15412,proposal_budget_exhausted,False,,587,921,2,334,2372,292,816,7,7,2211,292,816,7,7,2211,973880456296f6b7797b26dcfdfdfb9289cf48ecbdf95f1eda9857bbe95f6c71,2a135e2a5d40b34dc86d7ec350e71e4de3116dec841778744ee55dbbd8c381fc,2a135e2a5d40b34dc86d7ec350e71e4de3116dec841778744ee55dbbd8c381fc,bce13627fc0d7334293dcbc18ffd4fb8c45b4528d5eb1ac20769cae127ee5d9d
23,primitive_q3_knn4,13,1,2,2,stage4_witness,m9_r4,1,17698423895769170126,552e2830d8fb43ae649ff637b6ade485dd0dacce1e17a0985b92c37b28b615f2,250000,250000,62223,187777,15533,proposal_budget_exhausted,False,,587,921,2,334,2372,311,917,7,4,2347,311,917,7,4,2347,973880456296f6b7797b26dcfdfdfb9289cf48ecbdf95f1eda9857bbe95f6c71,6783ed315738ffad9f5370e81cb056c21c10c05f9fd643d01cba481b482cdddb,9e4e45019ef357b03f5e385ec64d7f44752c0f16fef87c3077bcd492048169f8,3ed30111cd3346daa64b81aaf0fb75ecff1cc2c020de0360f52d1ddfb57fe2f8
23,primitive_q3_knn4,13,1,2,3,stage3_baseline,cartesian_coordinate_gray,0,12417611194667060191,552e2830d8fb43ae649ff637b6ade485dd0dacce1e17a0985b92c37b28b615f2,250000,250000,62683,187317,3436,proposal_budget_exhausted,False,,216,336,3,48,1392,175,311,5,1,1601,175,311,5,1,1601,11f83e2158153cc8b46ea76beba8c62fcaeabe5df38f5368c17ec438b6454f3d,3fa054666cace8410e7a03e057a0cc973697604d8b0686ebcd293233999d8cd0,163b5e2808ddd0208761674166d55cb4e2b550c1061703c780d083134af12d68,137fd72148354ff1d5a44956028eb3180e34b1210d3af70c6bfe16b533d43e0a
23,primitive_q3_knn4,13,1,2,4,stage3_baseline,cartesian_coordinate_gray,1,6590500733663094259,552e2830d8fb43ae649ff637b6ade485dd0dacce1e17a0985b92c37b28b615f2,250000,250000,62455,187545,3258,proposal_budget_exhausted,False,,216,336,3,48,1392,157,272,5,1,1586,157,272,5,1,1586,11f83e2158153cc8b46ea76beba8c62fcaeabe5df38f5368c17ec438b6454f3d,c429c175b5b4acce57af26d1942649c502bbd657b6fed8b3c201ad0b4378be93,c429c175b5b4acce57af26d1942649c502bbd657b6fed8b3c201ad0b4378be93,7088432fbb3bf068759989a0730da943608fd7354b22e7978f55b484dc2ed328
23,primitive_q3_knn4,13,1,2,5,deterministic_random,deterministic_random_seed_5751584864598585592,0,15965687064353149634,552e2830d8fb43ae649ff637b6ade485dd0dacce1e17a0985b92c37b28b615f2,250000,250000,62655,187345,16411,proposal_budget_exhausted,False,,733,3300,10,1,4787,320,960,8,2,2367,320,960,8,2,2367,d289007f51693759e8a7f2b891abc244566a8fd6243f39826e74123911a76500,1aaf2cd99c5d52e6d3383556fe21c2e78c83bf8eff3d23d9d34f4655386c1be6,167dff219b47c59d0df11f426e7b5ab441840679b3277cc3bec2992c457b81f7,0814c06179f28db07c0c3646e6d21bf1b56011d281add4354e3a8513523f05e6
23,primitive_q3_knn4,13,1,2,6,deterministic_random,deterministic_random_seed_12520843688701303540,1,195718434381037037,552e2830d8fb43ae649ff637b6ade485dd0dacce1e17a0985b92c37b28b615f2,250000,250000,62713,187287,16085,proposal_budget_exhausted,False,,741,3344,10,2,4831,311,861,8,1,2268,311,861,8,1,2268,782129ac6a186c3e5f8052ccdbaddb3caa4b4b78c4286d8f4989c8cee6decf6e,73ef70ae1ba3654446d38d5a23f97c8dbe821f6dd37bdffec68de67cc29cf034,73ef70ae1ba3654446d38d5a23f97c8dbe821f6dd37bdffec68de67cc29cf034,5487ba5262f2591c57f616b7449afe6a89f2843505a796bbdbfa46144f17b4be
23,primitive_q3_knn4,13,2,3,1,stage4_witness,m9_r4,0,2845757920969306220,552e2830d8fb43ae649ff637b6ade485dd0dacce1e17a0985b92c37b28b615f2,250000,250000,62755,187245,3940,proposal_budget_exhausted,False,,334,334,1,334,2372,77,109,4,2,1941,77,109,4,2,1941,973880456296f6b7797b26dcfdfdfb9289cf48ecbdf95f1eda9857bbe95f6c71,d4fdce83cbbea8fdb4a0c1a5d978b0f1479d2eb6ca40900ca9970e2f3a62e4ec,55596db0039d8d18c32d99302f63756976ca9736377225f0fa8ce8929b66849e,328e39a6ae9f7b2c36c7bfaaeb8373e88e8d1b77a4068b22119bcd471b70c987
23,primitive_q3_knn4,13,2,3,2,stage4_witness,m9_r4,1,11741001738305118047,552e2830d8fb43ae649ff637b6ade485dd0dacce1e17a0985b92c37b28b615f2,250000,250000,62589,187411,4110,proposal_budget_exhausted,False,,334,334,1,334,2372,96,162,5,1,2008,96,162,5,1,2008,973880456296f6b7797b26dcfdfdfb9289cf48ecbdf95f1eda9857bbe95f6c71,64e58d22b7a059de522907080a4b90465d68b9522feee0bbf2f534a980a54899,64e58d22b7a059de522907080a4b90465d68b9522feee0bbf2f534a980a54899,b2c511760f7f6f9d4e84a29a8924e40596b2c67a43042a21d718d2bb10798b11
23,primitive_q3_knn4,13,2,3,3,stage3_baseline,cartesian_coordinate_gray,0,15287078564763911449,552e2830d8fb43ae649ff637b6ade485dd0dacce1e17a0985b92c37b28b615f2,250000,250000,62089,187911,1010,proposal_budget_exhausted,False,,72,120,2,48,1392,19,20,2,1,1595,19,20,2,1,1595,11f83e2158153cc8b46ea76beba8c62fcaeabe5df38f5368c17ec438b6454f3d,d45a323ad4b9b24716f880bdbe638024d61441d5a2ad734662c7c7e466241c61,c8f2b946e21d8feef94f9bd9876aff5f825ab36c20fa8b576d71ad049e3d297c,f4816b4cfafc5a98e8017301e8afb21a14561f89731e2d8548aee433a249ef6e
23,primitive_q3_knn4,13,2,3,4,stage3_baseline,cartesian_coordinate_gray,1,12722070488935677535,552e2830d8fb43ae649ff637b6ade485dd0dacce1e17a0985b92c37b28b615f2,250000,250000,62807,187193,1134,proposal_budget_exhausted,False,,72,120,2,48,1392,10,12,2,2,1619,10,12,2,2,1619,11f83e2158153cc8b46ea76beba8c62fcaeabe5df38f5368c17ec438b6454f3d,a2cf40c6a8040abcb5708de681d37c93bbc41285834553b61b3c0273716ae882,a2cf40c6a8040abcb5708de681d37c93bbc41285834553b61b3c0273716ae882,6eecc90e6e2c3351bccaa9fc4bc6227356200941c7fa676743eeec8920599f2c
23,primitive_q3_knn4,13,2,3,5,deterministic_random,deterministic_random_seed_5430163568442925801,0,13960752394870277215,552e2830d8fb43ae649ff637b6ade485dd0dacce1e17a0985b92c37b28b615f2,250000,250000,62510,187490,7962,proposal_budget_exhausted,False,,711,2579,8,7,4799,113,195,6,1,2093,113,195,6,1,2093,6f84c27847d8ff9f43cd29c64e4d8f5ad99775cf67668c5b56ecf3ee671ef9d4,e7084db6e837aa05dac9708c051a992de37753970512f45ce139978464ee3148,2e831eccfd3047e2ce1971f78e1dc502dacc47263d67ee210f55bde74681a7df,90b5d6dc2761115ca984c03a378d1e30d1a1a6d6e70172a160845224a07d7607
23,primitive_q3_knn4,13,2,3,6,deterministic_random,deterministic_random_seed_15949031321149945417,1,8125435358687846089,552e2830d8fb43ae649ff637b6ade485dd0dacce1e17a0985b92c37b28b615f2,250000,250000,62220,187780,8004,proposal_budget_exhausted,False,,709,2579,9,1,4795,115,226,7,1,2138,115,226,7,1,2138,92174916597276366cac96787473cd562dea22819865d152d850ea96666cc90b,cc05d4e4d573428a3df409f7456d580e9528ea4810881edf535b2895d2769d4d,cc05d4e4d573428a3df409f7456d580e9528ea4810881edf535b2895d2769d4d,806284416273718c0efe59dced83f8935d0d91bb65b4207a8b182391f23d61aa
24,primitive_q3_knn6,9,1,2,1,stage3_baseline,cartesian_coordinate_gray,0,18272407120533290452,552e2830d8fb43ae649ff637b6ade485dd0dacce1e17a0985b92c37b28b615f2,250000,250000,62601,187399,832,proposal_budget_exhausted,False,,288,480,3,48,2232,128,137,2,9,1919,128,137,2,9,1919,dbfd65225ad579785b4edbd3129dc2b36c62cbf44e7fb08d496bc4d027f60268,818bbd8856875983f50ff229f8cd3bb70e6e9c7b484e04736658ae7be23dc550,f6d1430d3ded0577c1b845de37c3ceff7ac53f2eedf39bb06475e8e8859d6fd9,99d6b034f408d1c11f32209ad9d4f273bfe108bb6eafce5534fc56cc02399eec
24,primitive_q3_knn6,9,1,2,2,stage3_baseline,cartesian_coordinate_gray,1,7235207619010977988,552e2830d8fb43ae649ff637b6ade485dd0dacce1e17a0985b92c37b28b615f2,250000,250000,62916,187084,738,proposal_budget_exhausted,False,,288,480,3,48,2232,117,126,2,9,1870,117,126,2,9,1870,dbfd65225ad579785b4edbd3129dc2b36c62cbf44e7fb08d496bc4d027f60268,71e541528a985a05de71a3991c1326371abf78a8633ff8f828e50d96018f62c6,c87c9f031bb5e18767f14a77f4521f24967169bc5857fa5fb5ca5e54a0a612ab,1eb5f7869ad0e3067282cc37175bfcac8402a1aaba735f06b3a364346b6fd67e
24,primitive_q3_knn6,9,1,2,3,deterministic_random,deterministic_random_seed_6316115602975931472,0,7426563230200468144,552e2830d8fb43ae649ff637b6ade485dd0dacce1e17a0985b92c37b28b615f2,250000,250000,62240,187760,2739,proposal_budget_exhausted,False,,992,2670,7,3,4854,173,250,3,7,2210,173,250,3,7,2210,e6293baf5984f78766bfdbea13e363e59af5e92d7bdaed27a6e05c591483f14c,8df275bfeba592fd7181c73563975b56fdeb40963204ca87d3f70b5674412f6e,bd36796804c0af21b8a23cff6fc0aaedb1f278f7f723fc261a59c51443e233e5,80922c5e39006f9303d65b01f6f4d73b78966fa366ff26a39b48a7b9cce8973c
24,primitive_q3_knn6,9,1,2,4,deterministic_random,deterministic_random_seed_3142011027692692252,1,7382595788436212916,552e2830d8fb43ae649ff637b6ade485dd0dacce1e17a0985b92c37b28b615f2,250000,250000,61834,188166,2904,proposal_budget_exhausted,False,,996,2716,7,6,4907,148,189,3,1,2137,148,189,3,1,2137,d6924dafdfe8db33bf58dd3b71ab06f9a0bcd4ffeaf7e01ea3e44356dd3e4963,5a972848a222267018a2703d57fa0a5b23179268a149fcbff3b5d64990d7faeb,eb98bea2c8df6424bb5f1621c0c7305bcf8df68907b4bc729c984a67208a2e3a,dc6303445f1d8eb0cf38b0c12322bc2b0878a308e7a0b49269cf72d746d608e2
24,primitive_q3_knn6,9,2,3,1,stage3_baseline,cartesian_coordinate_gray,0,1207975676959538416,552e2830d8fb43ae649ff637b6ade485dd0dacce1e17a0985b92c37b28b615f2,250000,189714,47403,142311,1428,target_feasible,True,189714,144,192,2,48,2232,0,0,0,226,2062,0,0,0,226,2062,dbfd65225ad579785b4edbd3129dc2b36c62cbf44e7fb08d496bc4d027f60268,5e33fa5741745f523de083c68fbe6cfda022729381bbfeb84e51f85749b556bf,5e33fa5741745f523de083c68fbe6cfda022729381bbfeb84e51f85749b556bf,78f4e35c90c65b18ab16ba90b0f9bc8a2235a8fac349cba7f2f1c439d0cbe883
24,primitive_q3_knn6,9,2,3,2,stage3_baseline,cartesian_coordinate_gray,1,7759544991477599348,552e2830d8fb43ae649ff637b6ade485dd0dacce1e17a0985b92c37b28b615f2,250000,228643,56818,171825,1443,target_feasible,True,228643,144,192,2,48,2232,0,0,0,249,2094,0,0,0,249,2094,dbfd65225ad579785b4edbd3129dc2b36c62cbf44e7fb08d496bc4d027f60268,c65a0a756dd921d6110622ab32df7aa85eca338902f64c474f19bbef3d06c1c6,c65a0a756dd921d6110622ab32df7aa85eca338902f64c474f19bbef3d06c1c6,948fca7affbed5d818d98f6fa27fe72f958298045361e410497dedef94ae9e33
24,primitive_q3_knn6,9,2,3,3,deterministic_random,deterministic_random_seed_6647448972209498005,0,148671089819240606,552e2830d8fb43ae649ff637b6ade485dd0dacce1e17a0985b92c37b28b615f2,250000,247753,62114,185639,2655,target_feasible,True,247753,809,1772,6,3,4957,0,0,0,276,2149,0,0,0,276,2149,aac45031e5cc5df6e286e6efc60367bf5b1718b01f43b6a405c3329c95789742,46f693f9dad8ac8bd8c4c4cd36033753f4b47f58e6cdb6be3c8a75b8848ec678,46f693f9dad8ac8bd8c4c4cd36033753f4b47f58e6cdb6be3c8a75b8848ec678,a27557e5d8c1ed5a214b186d8b854c83ba62f2e04cdca31e594f197f38d23bbc
24,primitive_q3_knn6,9,2,3,4,deterministic_random,deterministic_random_seed_94310968980775525,1,3480934912360327616,552e2830d8fb43ae649ff637b6ade485dd0dacce1e17a0985b92c37b28b615f2,250000,250000,62288,187712,2546,proposal_budget_exhausted,False,,826,1795,6,2,4993,1,1,1,1,2162,1,1,1,1,2162,647c1600a964f4abbb2ca854f90dde50a6fec562dd1c73aeab6b08f49ec6ed54,018568a977b10261ce32b9f25f5f25888f4be909687cdb8b06712fc5138c8c60,018568a977b10261ce32b9f25f5f25888f4be909687cdb8b06712fc5138c8c60,fe9eb5b4a6021276740003c6ddc40a87c66e62958b6bc02e48eb1434ef5f1b3e
25,primitive_q3_knn6,10,1,2,1,stage3_baseline,cartesian_coordinate_gray,0,4369782204016170061,552e2830d8fb43ae649ff637b6ade485dd0dacce1e17a0985b92c37b28b615f2,250000,250000,61878,188122,549,proposal_budget_exhausted,False,,288,480,3,48,2232,133,145,3,1,1906,133,145,3,1,1906,0d77b6507ee2c1e045589ee10bade2d874655045420c1ccd3e130a41f11548c3,bf57366a2fea1b75c155c97845907ba6ce9f5053208d2af02720a6a0de1419c2,9d99b106fa06fbbc21170e1b5bfcdb88fc6b796f9f5a6f9da8b061a83d0e48ba,6c4db60d44d59424add78e11493a86030c3b25a577e742ff6d740e9e54db317d
25,primitive_q3_knn6,10,1,2,2,stage3_baseline,cartesian_coordinate_gray,1,70899020815184882,552e2830d8fb43ae649ff637b6ade485dd0dacce1e17a0985b92c37b28b615f2,250000,250000,62491,187509,535,proposal_budget_exhausted,False,,288,480,3,48,2232,128,141,2,13,1910,128,141,2,13,1910,0d77b6507ee2c1e045589ee10bade2d874655045420c1ccd3e130a41f11548c3,8c5938af3e49d96e93101b4ecfd98418defa8c847c58dad969bca691f9b481a4,8c5938af3e49d96e93101b4ecfd98418defa8c847c58dad969bca691f9b481a4,7ebbd511e36f2a9ba5047d3557f6bdf59daf97493b99db2fe23d89213041909e
25,primitive_q3_knn6,10,1,2,3,deterministic_random,deterministic_random_seed_6062079542254609461,0,6670478242055217365,552e2830d8fb43ae649ff637b6ade485dd0dacce1e17a0985b92c37b28b615f2,250000,250000,62100,187900,3578,proposal_budget_exhausted,False,,1033,3271,8,2,5464,225,391,6,1,2401,225,391,6,1,2401,8ae1cb746f07503b2b87dabdaf250fdabb6ce4b7e9839998bd955f916d7023f8,fc5bcb3419169a5e141e270940aa6f3eaa8272fbd2e6d4dee527957f10f64109,b6f9427224c0ec2149987fe6a88d588db18f8888e14991472dc6db3d04d8eb68,af4d4337c5bef775ed15d89df0284a302c3e431077a4a47efb02e5a02e382c54
25,primitive_q3_knn6,10,1,2,4,deterministic_random,deterministic_random_seed_2542679650472874260,1,12665686309965589878,552e2830d8fb43ae649ff637b6ade485dd0dacce1e17a0985b92c37b28b615f2,250000,250000,62321,187679,3669,proposal_budget_exhausted,False,,1067,3359,7,8,5561,241,451,6,2,2473,241,451,6,2,2473,97317c3945458a21e5ffaadaf91819f44b523b688f45a0636cf1050a26ec91e4,0ef992cd158b5c7a0c6d7a78089a1e843543879247018fc136f73cf1ec97907e,0ef992cd158b5c7a0c6d7a78089a1e843543879247018fc136f73cf1ec97907e,0ef22b049f8cb5341a3e9950a2487dea14bd31f7aab13d8987e0cba87d8eb6ff
25,primitive_q3_knn6,10,2,3,1,stage3_baseline,cartesian_coordinate_gray,0,2542187415424481042,552e2830d8fb43ae649ff637b6ade485dd0dacce1e17a0985b92c37b28b615f2,250000,250000,62718,187282,914,proposal_budget_exhausted,False,,144,192,2,48,2232,10,10,1,10,2137,10,10,1,10,2137,0d77b6507ee2c1e045589ee10bade2d874655045420c1ccd3e130a41f11548c3,a38b3ff32307eeba1529e6048274c774c223aab99ac0bcc5fc1e82a88fec14d8,a38b3ff32307eeba1529e6048274c774c223aab99ac0bcc5fc1e82a88fec14d8,7aaaa3f32588c6da89fa8c317dc65a7ae3d7ee08dea614cb8957f3158cc6ba28
25,primitive_q3_knn6,10,2,3,2,stage3_baseline,cartesian_coordinate_gray,1,6568553932492658824,552e2830d8fb43ae649ff637b6ade485dd0dacce1e17a0985b92c37b28b615f2,250000,250000,62446,187554,848,proposal_budget_exhausted,False,,144,192,2,48,2232,4,4,1,4,2096,4,4,1,4,2096,0d77b6507ee2c1e045589ee10bade2d874655045420c1ccd3e130a41f11548c3,3e455821a04c8f8ced5b426c3b628aaa3405b518d7fb628aa6a4565451351f4a,239d21df42f13fd1c08b93451e9496834a579bc52f46499b35e9dd1bc32443de,3682c9a3f22bf84ada98cd82dfc5e0f9120a7e9e0b2f34c6a118ccbe7a87b8de
25,primitive_q3_knn6,10,2,3,3,deterministic_random,deterministic_random_seed_1810277861061114573,0,9928684849139701337,552e2830d8fb43ae649ff637b6ade485dd0dacce1e17a0985b92c37b28b615f2,250000,250000,62386,187614,2421,proposal_budget_exhausted,False,,923,2272,6,10,5522,9,9,1,9,2303,9,9,1,9,2303,9c65789f734559a538c4f1dfe39bf97cd211e517cf5a591ecd04e206068aa8d9,bf536b3d88b36abb8a3a24efc5ec00519e1467db280a125e234f6ec3460213c7,a1fe28c96449a0254acd17cc1df4ddf4b88f8fe742e45139e916169c53db7d5d,dd97ba18f022f54a2705f3645801c29058e1763ecf3318639c9228be953ee0d0
25,primitive_q3_knn6,10,2,3,4,deterministic_random,deterministic_random_seed_8473868742161696789,1,7544906245161052745,552e2830d8fb43ae649ff637b6ade485dd0dacce1e17a0985b92c37b28b615f2,250000,250000,62568,187432,2363,proposal_budget_exhausted,False,,942,2354,7,1,5603,17,20,2,3,2304,17,20,2,3,2304,8ef7a28fc5dbc0c26c0f6e2f0bab47fddf05cc63672532ada4e482b2dbace723,d33c236100e15c800ce58d66eec36e2628f621deef63057ccb15807693e17a50,d33c236100e15c800ce58d66eec36e2628f621deef63057ccb15807693e17a50,3333d3f5d7aaa00933ee61392e2121dd6a9da866e71533ce1fc288a4d69bc649
25,primitive_q3_knn6,10,3,4,1,stage3_baseline,cartesian_coordinate_gray,0,5036899288741379146,552e2830d8fb43ae649ff637b6ade485dd0dacce1e17a0985b92c37b28b615f2,250000,170810,42676,128134,2649,target_feasible,True,170810,48,48,1,48,2232,0,0,0,136,2593,0,0,0,136,2593,0d77b6507ee2c1e045589ee10bade2d874655045420c1ccd3e130a41f11548c3,a4fb20a2f34a13bff2ded1cb488e21cfd1486d5c745999cc3f8dd9957aca5d06,a4fb20a2f34a13bff2ded1cb488e21cfd1486d5c745999cc3f8dd9957aca5d06,8ba789815cdc3fe431576b58046e77bbccd044245ef14b568085e4d54168f1cd
25,primitive_q3_knn6,10,3,4,2,stage3_baseline,cartesian_coordinate_gray,1,10706790422923393241,552e2830d8fb43ae649ff637b6ade485dd0dacce1e17a0985b92c37b28b615f2,250000,153708,38128,115580,2635,target_feasible,True,153708,48,48,1,48,2232,0,0,0,165,2611,0,0,0,165,2611,0d77b6507ee2c1e045589ee10bade2d874655045420c1ccd3e130a41f11548c3,e12f428f4224bfa5be3c185e7631fc8803afba37bb5141e317a20cd256e5e4f0,e12f428f4224bfa5be3c185e7631fc8803afba37bb5141e317a20cd256e5e4f0,e12586f45d483d40f9fe4f389a9cb7c73dbcd8ba5ba4c13fed2dc23da603703d
25,primitive_q3_knn6,10,3,4,3,deterministic_random,deterministic_random_seed_8099358332524753208,0,3438937664107585197,552e2830d8fb43ae649ff637b6ade485dd0dacce1e17a0985b92c37b28b615f2,250000,164571,41252,123319,3332,target_feasible,True,164571,663,1334,6,2,5466,0,0,0,134,2582,0,0,0,134,2582,21e778d8be96ac4b1ed7294ce4786394137390f3938b7c5a25cf762a24a18695,40281bf7019c1fb4f2b6c669503eac4e0bf5707730bd9f6bda33576d8c6e3e6e,40281bf7019c1fb4f2b6c669503eac4e0bf5707730bd9f6bda33576d8c6e3e6e,09133d7cfd6e718870590b0963c282348eb91665bb91c7d296943af7f4f4aef3
25,primitive_q3_knn6,10,3,4,4,deterministic_random,deterministic_random_seed_10917423518531634579,1,6173262121024406624,552e2830d8fb43ae649ff637b6ade485dd0dacce1e17a0985b92c37b28b615f2,250000,166440,41527,124913,3322,target_feasible,True,166440,654,1292,6,1,5428,0,0,0,138,2585,0,0,0,138,2585,01aaf354e5b262138c6762be8ec329c9834cec3e44ff5acf33d40431ba387ae5,83715cc4c734a929e341af74ef9e49e9cd3051976da57dae471ac41f09a748f8,83715cc4c734a929e341af74ef9e49e9cd3051976da57dae471ac41f09a748f8,adb724692c2d2d4617790d048c2ea90e745964456259f19dc481e1a6b9d91066
26,primitive_q3_knn6,11,1,2,1,stage3_baseline,cartesian_coordinate_gray,0,5044936601212533974,552e2830d8fb43ae649ff637b6ade485dd0dacce1e17a0985b92c37b28b615f2,250000,250000,62305,187695,629,proposal_budget_exhausted,False,,288,480,3,48,2232,151,175,2,24,1945,151,175,2,24,1945,37f0334bc212dbaeabcae816e50d0be3be9c308e2d1391ed9c01e8e479e33ca3,848860f4e0effa85c4326ef6c90e13ea57ede06b504ab6e06c4bcfc240cfbd43,f06129a1e00cc4458081464baf84c925cbaeb0fc95ab39bab33452984fb8da32,7f0f2619d4a3a42302a3f2a8136505d39bf195239cae505bc11de211b58803ff
26,primitive_q3_knn6,11,1,2,2,stage3_baseline,cartesian_coordinate_gray,1,417695332097086631,552e2830d8fb43ae649ff637b6ade485dd0dacce1e17a0985b92c37b28b615f2,250000,250000,62738,187262,566,proposal_budget_exhausted,False,,288,480,3,48,2232,163,183,4,1,1963,163,183,4,1,1963,37f0334bc212dbaeabcae816e50d0be3be9c308e2d1391ed9c01e8e479e33ca3,67d6ef7d5704acbf622be2a9fe1442a287029901ce6bad29649968628a5112b0,f74af521f99d563fe83b2bb26dbbac727ea1c244037a60ee2e309f4f77ce9321,b8fef8a4e70cd228164cac0ac059dd8e364fa4fa59a3507524310c0504841db0
26,primitive_q3_knn6,11,1,2,3,deterministic_random,deterministic_random_seed_790412121978359626,0,2575133863830152789,552e2830d8fb43ae649ff637b6ade485dd0dacce1e17a0985b92c37b28b615f2,250000,250000,62720,187280,5594,proposal_budget_exhausted,False,,1065,3898,9,1,6099,312,590,6,1,2621,312,590,6,1,2621,29b32be6f964a12fac7e74066a036e94a815b851d13aacf51fc95b2267f8a849,e18b85f454fe59a1b97ca4b3f344f638fc356ef6cb0dbbbefd39cb654046cce6,e18b85f454fe59a1b97ca4b3f344f638fc356ef6cb0dbbbefd39cb654046cce6,c2fe2abe51c8d62c96f5966a7fb034f0d50951f14b578b35a9b6bac203eb2d73
26,primitive_q3_knn6,11,1,2,4,deterministic_random,deterministic_random_seed_9143498271583878162,1,11419795658688257615,552e2830d8fb43ae649ff637b6ade485dd0dacce1e17a0985b92c37b28b615f2,250000,250000,62419,187581,5292,proposal_budget_exhausted,False,,1058,3848,8,4,6050,324,713,7,1,2746,324,713,7,1,2746,ef16f153e07d75a39119f3e513a13407163344876b1ab78c91c0b72929fdb4ad,726796ca57cc8924f6190af994a4beb6e45a87835437eeb189c2c0c4768d926a,726796ca57cc8924f6190af994a4beb6e45a87835437eeb189c2c0c4768d926a,f1bfe2fdd888b11d5344399c6c867ea235dcae349f31d581c5a28351d09aea0e
26,primitive_q3_knn6,11,2,3,1,stage3_baseline,cartesian_coordinate_gray,0,8170095008170407503,552e2830d8fb43ae649ff637b6ade485dd0dacce1e17a0985b92c37b28b615f2,250000,250000,62761,187239,705,proposal_budget_exhausted,False,,144,192,2,48,2232,10,11,2,1,2194,10,11,2,1,2194,37f0334bc212dbaeabcae816e50d0be3be9c308e2d1391ed9c01e8e479e33ca3,bc8a834a018913804679276618e6afb545e9c5fa9574f9c4809818c05ce88fbf,bc8a834a018913804679276618e6afb545e9c5fa9574f9c4809818c05ce88fbf,ceb80472410700d2bdc534483cbdbbb4ae540af5996c5bc346e4f7e31279445d
26,primitive_q3_knn6,11,2,3,2,stage3_baseline,cartesian_coordinate_gray,1,16659735166835603551,552e2830d8fb43ae649ff637b6ade485dd0dacce1e17a0985b92c37b28b615f2,250000,250000,62426,187574,696,proposal_budget_exhausted,False,,144,192,2,48,2232,12,12,1,12,2206,12,12,1,12,2206,37f0334bc212dbaeabcae816e50d0be3be9c308e2d1391ed9c01e8e479e33ca3,30b0082efd81fa3577c0f8e8d8d93d331fd42482a165b7cbfe2d4c8d00b16229,5f2fc8f3f5a4b929e0f2ea7353461636d9b3b125e208305f341802f56b96c336,2e5a3477eb443a21aad1f078314773694dd4101e1557a709cc4fd48d7e38f2fa
26,primitive_q3_knn6,11,2,3,3,deterministic_random,deterministic_random_seed_1760017313822640321,0,7948990442686728659,552e2830d8fb43ae649ff637b6ade485dd0dacce1e17a0985b92c37b28b615f2,250000,250000,62569,187431,2454,proposal_budget_exhausted,False,,970,2789,7,6,6061,57,65,3,1,2567,57,65,3,1,2567,dedebc78865cfea233894d3af22cc692680511030156e34263be2a3c7460a2f3,1bb5e919116b1c5e25c9eac5ca78302ddc8ada9777655ee83213db27a0fea2db,1bb5e919116b1c5e25c9eac5ca78302ddc8ada9777655ee83213db27a0fea2db,f2a77d915e488ec4a6fc4f3fe145429340cf49d62e2a9818d4a46391dec0ea16
26,primitive_q3_knn6,11,2,3,4,deterministic_random,deterministic_random_seed_8026007461131764579,1,3986849115257268477,552e2830d8fb43ae649ff637b6ade485dd0dacce1e17a0985b92c37b28b615f2,250000,250000,62386,187614,2595,proposal_budget_exhausted,False,,966,2757,8,1,6018,59,76,3,2,2606,59,76,3,2,2606,a952cb1372f858fdba79da939f0755a82f8ebee61ba95038cc50516a1694b0e1,81a7199254414820e6e87a841d92c48d97367859cc42ab1231c93a8a1f9ce10f,81a7199254414820e6e87a841d92c48d97367859cc42ab1231c93a8a1f9ce10f,3aa6f82050262ab6395c0ae2c6b71426804c4aeed77a172324619323e1ead0dc
26,primitive_q3_knn6,11,3,4,1,stage3_baseline,cartesian_coordinate_gray,0,2210104668266726810,552e2830d8fb43ae649ff637b6ade485dd0dacce1e17a0985b92c37b28b615f2,250000,197546,49478,148068,1772,target_feasible,True,197546,48,48,1,48,2232,0,0,0,146,2609,0,0,0,146,2609,37f0334bc212dbaeabcae816e50d0be3be9c308e2d1391ed9c01e8e479e33ca3,5c3f357647d99a61317b8162b9621cac55645d93608aa5e5e3727876733ced99,5c3f357647d99a61317b8162b9621cac55645d93608aa5e5e3727876733ced99,12b657f1688c38b056533317740bec2104a0995f368190c1543ab7c82df75ecf
26,primitive_q3_knn6,11,3,4,2,stage3_baseline,cartesian_coordinate_gray,1,11285572743491741244,552e2830d8fb43ae649ff637b6ade485dd0dacce1e17a0985b92c37b28b615f2,250000,208708,51796,156912,1733,target_feasible,True,208708,48,48,1,48,2232,0,0,0,109,2518,0,0,0,109,2518,37f0334bc212dbaeabcae816e50d0be3be9c308e2d1391ed9c01e8e479e33ca3,395d5dd5bbdb15383c87abe8e509d14eb043eea62cff923e41ee49aa3ff4bf44,395d5dd5bbdb15383c87abe8e509d14eb043eea62cff923e41ee49aa3ff4bf44,957a790226f2f10506154411c58c84e1e9feff259d6cbf2dc9f13c13497114d7
26,primitive_q3_knn6,11,3,4,3,deterministic_random,deterministic_random_seed_2113483310415744281,0,3040011710469290089,552e2830d8fb43ae649ff637b6ade485dd0dacce1e17a0985b92c37b28b615f2,250000,151838,37711,114127,2477,target_feasible,True,151838,777,1783,7,1,6045,0,0,0,252,2900,0,0,0,252,2900,3448391d2598ce572c77e46cff86431f4faf52b7822f7023926b6169d34430c0,409122e81f1a78814332fa2b10e7c844fcc2db4ee2e007f16428d7a08f643a0b,409122e81f1a78814332fa2b10e7c844fcc2db4ee2e007f16428d7a08f643a0b,314cded82df1592b98f7c3da91fd532416f3d1d042f678084ab8a48ea383c9d0
26,primitive_q3_knn6,11,3,4,4,deterministic_random,deterministic_random_seed_10942947569931363101,1,4040213610286400682,552e2830d8fb43ae649ff637b6ade485dd0dacce1e17a0985b92c37b28b615f2,250000,224694,56074,168620,2775,target_feasible,True,224694,780,1791,6,7,6022,0,0,0,142,2566,0,0,0,142,2566,7c9f9378770c9cda4601deaa129183d1c5b2e11dbc6176c8e3879eb707a581b9,a5c1792ca524201ae44c6c013ed026bb99243c32be794f8c2a2b1d1e84badc07,a5c1792ca524201ae44c6c013ed026bb99243c32be794f8c2a2b1d1e84badc07,5fde00f68fd2490174a79b3657720b73bcfba865319f97c3f10ca5c5b3b72335
27,primitive_q3_knn6,13,1,2,1,stage3_baseline,cartesian_coordinate_gray,0,14819172263745640856,552e2830d8fb43ae649ff637b6ade485dd0dacce1e17a0985b92c37b28b615f2,250000,250000,62620,187380,615,proposal_budget_exhausted,False,,288,480,3,48,2232,180,219,3,2,2004,180,219,3,2,2004,11f83e2158153cc8b46ea76beba8c62fcaeabe5df38f5368c17ec438b6454f3d,96fa9c1e84401561ad2db0f6e15ae3a4493b5f034ff215470ccd70a748f97c25,f03aad207923cb39df0fe3d4fc70266588599a2e92a6720a37c518194b775ce2,a09fd678eec587248ba85ff9ada5260bb11373ddaa64091509a6c14a2fd61359
27,primitive_q3_knn6,13,1,2,2,stage3_baseline,cartesian_coordinate_gray,1,14851876286118081860,552e2830d8fb43ae649ff637b6ade485dd0dacce1e17a0985b92c37b28b615f2,250000,250000,62737,187263,689,proposal_budget_exhausted,False,,288,480,3,48,2232,199,247,3,2,2074,199,247,3,2,2074,11f83e2158153cc8b46ea76beba8c62fcaeabe5df38f5368c17ec438b6454f3d,8e83073c1c31b0cff5431161d47f9461d8d927108160ba9b8091102768248a5d,3140453811edd6391ce4e1775307838b1890fcaeac0233370058ed2346002973,a42b279ee421368cc352a065e291ddae8a79b060536e72539dd96036cf89f494
27,primitive_q3_knn6,13,1,2,3,deterministic_random,deterministic_random_seed_10550569249673260855,0,8812836375969803663,552e2830d8fb43ae649ff637b6ade485dd0dacce1e17a0985b92c37b28b615f2,250000,250000,62614,187386,10677,proposal_budget_exhausted,False,,1091,4959,11,1,7164,489,1316,9,1,3411,489,1316,9,1,3411,1a7b65a02234197620b73d98f08327c5f47fb003d3af2711516a276970fc651a,9fdf4798a2635aa87feb805c88b4e22c064f82e31cf4ce066813010309162ef7,d36284065f21fbf14852ccf8c3b46015c512c521f55c9e494e12d14523005906,76b850f10c0ecdb5e51930d8d446f3c3311dfc2bd7183cdd6b5d31e6ee81a008
27,primitive_q3_knn6,13,1,2,4,deterministic_random,deterministic_random_seed_14613813379734762495,1,10754798738963864768,552e2830d8fb43ae649ff637b6ade485dd0dacce1e17a0985b92c37b28b615f2,250000,250000,62639,187361,11995,proposal_budget_exhausted,False,,1087,5045,9,11,7250,492,1425,8,2,3536,492,1425,8,2,3536,439ac3511198d4b38f8920f85c1d096612264fbc784b70625883672aed2c70f7,50970b8b1e86e1003e3ebd0f3c7c80e5504b31f95f5a36db822302f324bda83f,50970b8b1e86e1003e3ebd0f3c7c80e5504b31f95f5a36db822302f324bda83f,5b7a058f913166ae3b8e13e844eb8680a2608c5141075c6024b3bf1ea1cf4ea6
27,primitive_q3_knn6,13,2,3,1,stage3_baseline,cartesian_coordinate_gray,0,7812308128088156468,552e2830d8fb43ae649ff637b6ade485dd0dacce1e17a0985b92c37b28b615f2,250000,250000,62216,187784,456,proposal_budget_exhausted,False,,144,192,2,48,2232,23,25,2,2,2278,23,25,2,2,2278,11f83e2158153cc8b46ea76beba8c62fcaeabe5df38f5368c17ec438b6454f3d,9088d7a08c5235484ed9a2f2890cc3111ec3c4de7318d9e75cc4cff38bbb8a45,9088d7a08c5235484ed9a2f2890cc3111ec3c4de7318d9e75cc4cff38bbb8a45,53da70f1fadd24eee6b8028ed0352905415693e2ffae700bc7c41ae90a14afb0
27,primitive_q3_knn6,13,2,3,2,stage3_baseline,cartesian_coordinate_gray,1,9152482794736638297,552e2830d8fb43ae649ff637b6ade485dd0dacce1e17a0985b92c37b28b615f2,250000,250000,62749,187251,425,proposal_budget_exhausted,False,,144,192,2,48,2232,29,29,1,29,2285,29,29,1,29,2285,11f83e2158153cc8b46ea76beba8c62fcaeabe5df38f5368c17ec438b6454f3d,6c787999a11660c5ab1660335845d1e6aae9ceffef98da754f42efe8d2a8c1cc,b23f072b97f8e744fc14f5cd4280e4e29cb909ed88f9d06c1ff9578590124d42,f0fc36b95b6576e19698b253634f67cac94264ae9cc455ea00e7a24828c7a567
27,primitive_q3_knn6,13,2,3,3,deterministic_random,deterministic_random_seed_16084692966327959309,0,12135892953140811897,552e2830d8fb43ae649ff637b6ade485dd0dacce1e17a0985b92c37b28b615f2,250000,250000,62585,187415,3999,proposal_budget_exhausted,False,,1052,3808,9,2,7110,193,396,7,2,3091,193,396,7,2,3091,0e4f08323d4baed6fda933a442dac32c6f205f4d47755198d290914ccf7f2b31,7225cb1d963b2e30fbab11a124afcec184dd91f09f1cc7f9e794a51beab832b6,7225cb1d963b2e30fbab11a124afcec184dd91f09f1cc7f9e794a51beab832b6,db66c65066850f2783d383cf23998ba4a1671dcec601976549730635350365ef
27,primitive_q3_knn6,13,2,3,4,deterministic_random,deterministic_random_seed_6831201029579339431,1,1788452845525188860,552e2830d8fb43ae649ff637b6ade485dd0dacce1e17a0985b92c37b28b615f2,250000,250000,62496,187504,4184,proposal_budget_exhausted,False,,1054,3852,9,3,7140,174,280,5,3,2980,174,280,5,3,2980,cb2c9a1ac4d7e65d342bd527fc72ddb5c6a555bcaa0b66340101c4943876c6b2,ffd2a30b897d76f7b946c69603c20c963f4db0bb0e383def3af298e805d9c328,9c4f6116ce59a92c12751bd49cbee3510f6bd916a21f2a1748262c68cdc6c3eb,5605c5789c2fd57d597938585ca37e4330d6deb3285b644df4b112e7c95bfae2
27,primitive_q3_knn6,13,3,4,1,stage3_baseline,cartesian_coordinate_gray,0,3473849670069237841,552e2830d8fb43ae649ff637b6ade485dd0dacce1e17a0985b92c37b28b615f2,250000,250000,62649,187351,996,proposal_budget_exhausted,False,,48,48,1,48,2232,3,3,1,3,2684,3,3,1,3,2684,11f83e2158153cc8b46ea76beba8c62fcaeabe5df38f5368c17ec438b6454f3d,87f79b930064f14dd07a280a9bf75d6e3ec843e4d783878de4ae6633d0888e5b,87f79b930064f14dd07a280a9bf75d6e3ec843e4d783878de4ae6633d0888e5b,4e455c92983d562112963d241de439d7fd2504c474bd70b53ac32bd103c6c9e1
27,primitive_q3_knn6,13,3,4,2,stage3_baseline,cartesian_coordinate_gray,1,15843145141030797029,552e2830d8fb43ae649ff637b6ade485dd0dacce1e17a0985b92c37b28b615f2,250000,250000,62445,187555,981,proposal_budget_exhausted,False,,48,48,1,48,2232,1,1,1,1,2792,1,1,1,1,2792,11f83e2158153cc8b46ea76beba8c62fcaeabe5df38f5368c17ec438b6454f3d,9064e4b75d44feb2c6a0ec8566a047035798c3920c7931981594ed45299ed3c8,8dc0698d81c8469f52246cf7aef62b5e140f834556fcdcea75f62548d0a4ec6c,c1b8b92988985b63d9f517337dc772b69bc5efa7acea702302fea4337f4457a5
27,primitive_q3_knn6,13,3,4,3,deterministic_random,deterministic_random_seed_2789914154670484460,0,14859568292092088456,552e2830d8fb43ae649ff637b6ade485dd0dacce1e17a0985b92c37b28b615f2,250000,250000,62607,187393,2516,proposal_budget_exhausted,False,,954,2781,8,4,7137,30,37,3,1,3227,30,37,3,1,3227,5a0ba9c680fc2d6b5dd9e305591e7cc48eee7bd6b0b2a432c0da6e6758776cbc,31c1e82fe981f69796790daf086cb9819818ce90b8b4c9c52c2e6153bb44814a,31c1e82fe981f69796790daf086cb9819818ce90b8b4c9c52c2e6153bb44814a,0f83a70b908005040fce9cde17b9927c6ef811e3f9187af2acad3585916951d1
27,primitive_q3_knn6,13,3,4,4,deterministic_random,deterministic_random_seed_11580758830799488315,1,15539095732873944406,552e2830d8fb43ae649ff637b6ade485dd0dacce1e17a0985b92c37b28b615f2,250000,250000,62202,187798,2595,proposal_budget_exhausted,False,,947,2809,7,13,7143,29,40,4,1,3354,29,40,4,1,3354,ba8b40a49544b46c349cdfe775263062e7d1a2fa83f45df4e118b8695e488362,54fd6923f5f0ff0bd0a65065de96051a1d50f1bbe94c93c79fb0e6d04eb0687e,54fd6923f5f0ff0bd0a65065de96051a1d50f1bbe94c93c79fb0e6d04eb0687e,a8e3ddf5113a1fdfb41b257bf5f7bf04a16f92f7e9ab2f3720a8b11d121e7c72
28,primitive_q3_knn8,9,1,2,1,stage3_baseline,cartesian_coordinate_gray,0,15629633931618141296,552e2830d8fb43ae649ff637b6ade485dd0dacce1e17a0985b92c37b28b615f2,250000,250000,62294,187706,459,proposal_budget_exhausted,False,,384,672,3,48,3000,201,230,3,1,2544,201,230,3,1,2544,dbfd65225ad579785b4edbd3129dc2b36c62cbf44e7fb08d496bc4d027f60268,ee362c40e28013c9233cf73bea4b98dd7d70846d475b800d1905b53de0ad8dcc,ee362c40e28013c9233cf73bea4b98dd7d70846d475b800d1905b53de0ad8dcc,1074c493330fbe5ef5708bbbe621d6d3518d61391d1f894647f8a2dc680f70e2
28,primitive_q3_knn8,9,1,2,2,stage3_baseline,cartesian_coordinate_gray,1,5968642716779752197,552e2830d8fb43ae649ff637b6ade485dd0dacce1e17a0985b92c37b28b615f2,250000,250000,62386,187614,432,proposal_budget_exhausted,False,,384,672,3,48,3000,203,237,3,1,2538,203,237,3,1,2538,dbfd65225ad579785b4edbd3129dc2b36c62cbf44e7fb08d496bc4d027f60268,230e026fbc37813b634c90dacc62d4a1cc0bfaad593528c4ab202de02ee4bedd,ea8225cc7940abfb8f26672ab3c445c32c4c62faca205584e11e3ced9ac492e7,e7094a5e2118e9aa89b5dc2bd3fe6ed675e0e8d9c1db2850f425e06dfe37d2cc
28,primitive_q3_knn8,9,1,2,3,deterministic_random,deterministic_random_seed_15667358304177374827,0,7607013834813788534,552e2830d8fb43ae649ff637b6ade485dd0dacce1e17a0985b92c37b28b615f2,250000,250000,62487,187513,2248,proposal_budget_exhausted,False,,1290,3583,7,1,6386,273,384,3,1,2921,273,384,3,1,2921,24cd6ab0f2db4b13589c7f2a425431a6f5250f2fa47f48b11e861d4d77dd8c37,721c2ba02daf01b24815eb7ad79d2d37dc05b6924872a0876823fe07b12bd2a6,721c2ba02daf01b24815eb7ad79d2d37dc05b6924872a0876823fe07b12bd2a6,ce25ecf308b2a9b49e5993f0458d4d625c6861f6601265b873f86ad6f4ecd7b7
28,primitive_q3_knn8,9,1,2,4,deterministic_random,deterministic_random_seed_1279904223330670386,1,7068275258884931013,552e2830d8fb43ae649ff637b6ade485dd0dacce1e17a0985b92c37b28b615f2,250000,250000,62465,187535,2301,proposal_budget_exhausted,False,,1297,3526,7,1,6329,260,403,4,2,2980,260,403,4,2,2980,3ef28cc99174f5cb71574860f72fbad84c11c5e2d08b909991dfc987c7c374fd,a781678936a1fae0b3b0e4eeb04481824e30d2d9dc35ac15a8bf6ae76252c0a7,93b4a20996af61c50b43e90404b6d16fff5344211cc66db23a7b1e865a13a690,3418442a3acd4537538de815e481df73060a74a95fd54502dee7ad305171c13f
28,primitive_q3_knn8,9,2,3,1,stage3_baseline,cartesian_coordinate_gray,0,3670972320121107415,552e2830d8fb43ae649ff637b6ade485dd0dacce1e17a0985b92c37b28b615f2,250000,250000,62711,187289,925,proposal_budget_exhausted,False,,240,288,2,48,3000,8,8,1,8,2708,8,8,1,8,2708,dbfd65225ad579785b4edbd3129dc2b36c62cbf44e7fb08d496bc4d027f60268,deea46d80b320ed2487ce185088927c26cbe79c5ad6f52d8deb8d05659c98e58,e0c70138cbb71a736e022a7dcc523a4ec040e512a51f187cfcfa676241555980,fbed8dfabae2d1dd688c05c456d392cb9a3a4977d938093e7547c5d5f728e558
28,primitive_q3_knn8,9,2,3,2,stage3_baseline,cartesian_coordinate_gray,1,4112001518973560331,552e2830d8fb43ae649ff637b6ade485dd0dacce1e17a0985b92c37b28b615f2,250000,250000,62357,187643,908,proposal_budget_exhausted,False,,240,288,2,48,3000,8,8,1,8,2742,8,8,1,8,2742,dbfd65225ad579785b4edbd3129dc2b36c62cbf44e7fb08d496bc4d027f60268,ad307775664d0c3a727993bf25696405a20a4e7ff52b98765c4743476866c53e,a33230fb59e69cdfaf1ae0110acbd9b525bfec08f81cbf60a1d77865c8d60ffa,720c3c41cd45b672f966468674d623952d66eb53179a95db4eb3fb8be3c9ffa9
28,primitive_q3_knn8,9,2,3,3,deterministic_random,deterministic_random_seed_9324392101156720456,0,11709994928274906308,552e2830d8fb43ae649ff637b6ade485dd0dacce1e17a0985b92c37b28b615f2,250000,250000,62383,187617,1938,proposal_budget_exhausted,False,,1058,2270,6,3,6367,8,8,1,8,2872,8,8,1,8,2872,54dc97d8167cd98346fa2857b521db98563b60920028989b2648523fc95457f3,b528dc3571414eacc261e964fe2af3313587ef6ea0bed3302a7e341340c595ec,b528dc3571414eacc261e964fe2af3313587ef6ea0bed3302a7e341340c595ec,b27135e629716db3b35b0d1f8db8b8d5bea45baff275a7cf733567dc07b3efef
28,primitive_q3_knn8,9,2,3,4,deterministic_random,deterministic_random_seed_15704706619943619167,1,5793634700828359213,552e2830d8fb43ae649ff637b6ade485dd0dacce1e17a0985b92c37b28b615f2,250000,250000,62122,187878,1928,proposal_budget_exhausted,False,,1041,2284,6,2,6358,12,12,1,12,2902,12,12,1,12,2902,bc773859287df1b9c46f14b0fc247dfdeedea3bcaf039365e33fd7e0cead44ed,6a245c33a257b64ee2bb16d0205d994ce89afca8f89fead840b76d7f60768392,6a245c33a257b64ee2bb16d0205d994ce89afca8f89fead840b76d7f60768392,86c5a467b3dff37cea7030cc99415ea5edec619241112253021fb861a439e111
28,primitive_q3_knn8,9,3,4,1,stage3_baseline,cartesian_coordinate_gray,0,17050508226795940988,552e2830d8fb43ae649ff637b6ade485dd0dacce1e17a0985b92c37b28b615f2,250000,155575,39043,116532,2949,target_feasible,True,155575,48,48,1,48,3000,0,0,0,154,3243,0,0,0,154,3243,dbfd65225ad579785b4edbd3129dc2b36c62cbf44e7fb08d496bc4d027f60268,38ddcea6114dc4a4bad31071867b6e3bc09043e887bef99742d8630324df7eef,38ddcea6114dc4a4bad31071867b6e3bc09043e887bef99742d8630324df7eef,5bf80a5c056bca4e7e57f810c814b618c6beeebc6ba2bca65d82008f230de6e2
28,primitive_q3_knn8,9,3,4,2,stage3_baseline,cartesian_coordinate_gray,1,12758445088019447366,552e2830d8fb43ae649ff637b6ade485dd0dacce1e17a0985b92c37b28b615f2,250000,168407,42366,126041,3070,target_feasible,True,168407,48,48,1,48,3000,0,0,0,98,3022,0,0,0,98,3022,dbfd65225ad579785b4edbd3129dc2b36c62cbf44e7fb08d496bc4d027f60268,38e7f8dfa854c89a097f95e8355df0006bf7417562f6ce1de365ef5426b9b4a6,38e7f8dfa854c89a097f95e8355df0006bf7417562f6ce1de365ef5426b9b4a6,3487d2c7e70f54a7f0acd0348abc839ae0c06fa7d53be13f6b9758fd23daec93
28,primitive_q3_knn8,9,3,4,3,deterministic_random,deterministic_random_seed_7098557987911028851,0,1706731916818890518,552e2830d8fb43ae649ff637b6ade485dd0dacce1e17a0985b92c37b28b615f2,250000,136801,33825,102976,3520,target_feasible,True,136801,739,1255,5,6,6418,0,0,0,162,3261,0,0,0,162,3261,908fa68be7c395b7e8de6f1ae285d563cfb12fd3cc57e1d2eed9a46ae3572b53,e0793a513eeaabfc285db9d4904bc5b254f4b2409701ec883a24beb3ef637389,e0793a513eeaabfc285db9d4904bc5b254f4b2409701ec883a24beb3ef637389,c168b5bc243ab57c5d849745b7ea253f7f19c416de1f4ae6906baf7f7d64046e
28,primitive_q3_knn8,9,3,4,4,deterministic_random,deterministic_random_seed_4252304343589062041,1,18012745505189680891,552e2830d8fb43ae649ff637b6ade485dd0dacce1e17a0985b92c37b28b615f2,250000,160077,40093,119984,3801,target_feasible,True,160077,690,1200,5,2,6348,0,0,0,153,3194,0,0,0,153,3194,aaa8239499be9b312edd763dab4cadfde8004aca8a2509bae26db4d52d0d88eb,49013860a23ba2242e95414630ddc84a64085a31e5b3a0b4a4150d43244ca349,49013860a23ba2242e95414630ddc84a64085a31e5b3a0b4a4150d43244ca349,88e020797ee382c9185f242cc40108d73ea0888e13a6d47530e8eb7aebe6a165
29,primitive_q3_knn8,10,1,2,1,stage3_baseline,cartesian_coordinate_gray,0,6760559701733194578,552e2830d8fb43ae649ff637b6ade485dd0dacce1e17a0985b92c37b28b615f2,250000,250000,62578,187422,384,proposal_budget_exhausted,False,,384,672,3,48,3000,217,247,2,30,2556,217,247,2,30,2556,0d77b6507ee2c1e045589ee10bade2d874655045420c1ccd3e130a41f11548c3,6527ef2bd6640dda2afb572d428bfd06fa672f715dda8490b1e0a9a8d5684719,924058d41fe2319fc93c591cfb910519049d512c1b0e939cf5c51c22e8dc5561,f787b0d0ce1b9bd6a35cb164f3313ab04a8c2b96f442ada339f6279b55f29eab
29,primitive_q3_knn8,10,1,2,2,stage3_baseline,cartesian_coordinate_gray,1,540383907763432622,552e2830d8fb43ae649ff637b6ade485dd0dacce1e17a0985b92c37b28b615f2,250000,250000,62520,187480,427,proposal_budget_exhausted,False,,384,672,3,48,3000,225,260,2,35,2580,225,260,2,35,2580,0d77b6507ee2c1e045589ee10bade2d874655045420c1ccd3e130a41f11548c3,bee249b58b7eaf22d414783332eb3cd2c8f348de73d93bc21f5faf88376e1f3f,bee249b58b7eaf22d414783332eb3cd2c8f348de73d93bc21f5faf88376e1f3f,786178f17081d269a840fdc4e86607840ca8af15670690367cdda2b5adbf2679
29,primitive_q3_knn8,10,1,2,3,deterministic_random,deterministic_random_seed_9210544727164787915,0,4753620972352968980,552e2830d8fb43ae649ff637b6ade485dd0dacce1e17a0985b92c37b28b615f2,250000,250000,62616,187384,2814,proposal_budget_exhausted,False,,1336,4301,8,2,7123,358,628,6,1,3236,358,628,6,1,3236,d997fbd17fdc7da45af5f22479f2b19fb43abfb3f81d7a8033ae6f2c0d5bf093,d542a421e80a60e0b44735b301b8a48ea91f91ebe8d57535a4380acda4db7aee,d542a421e80a60e0b44735b301b8a48ea91f91ebe8d57535a4380acda4db7aee,a284c0bb22c32a924552681b707a555e3bb9df14871df2e36cefef09f81e53fd
29,primitive_q3_knn8,10,1,2,4,deterministic_random,deterministic_random_seed_17477309009958257355,1,1198011766956229561,552e2830d8fb43ae649ff637b6ade485dd0dacce1e17a0985b92c37b28b615f2,250000,250000,62547,187453,2793,proposal_budget_exhausted,False,,1340,4253,8,1,7067,370,597,5,1,3175,370,597,5,1,3175,b49da67ead1104ce98f9ac58f3972b35a5b64650dc86d847015dda5446695f74,970fe6883aa1e8b05db16ad8043c10787bdb8984d39ecf543fee431aa6fa8f81,85710e6eeb0b570d4f66dd5eab4050d61cc2e2fa55a324a6e7d262ef0f929363,97d9f2c812fac825f5a55a07a3ef530b3f2e37280f8c340fc3188981bdfbd431
29,primitive_q3_knn8,10,2,3,1,stage3_baseline,cartesian_coordinate_gray,0,14911329067412723536,552e2830d8fb43ae649ff637b6ade485dd0dacce1e17a0985b92c37b28b615f2,250000,250000,62556,187444,663,proposal_budget_exhausted,False,,240,288,2,48,3000,17,17,1,17,2815,17,17,1,17,2815,0d77b6507ee2c1e045589ee10bade2d874655045420c1ccd3e130a41f11548c3,12856b7fe522a1a8595378007453769756bc12290a5334db1f718ef64546c1e8,12856b7fe522a1a8595378007453769756bc12290a5334db1f718ef64546c1e8,4d689735f6a6e73e0d4bd178e441849d7e22ca50faaa1670505a1ff61eba1d83
29,primitive_q3_knn8,10,2,3,2,stage3_baseline,cartesian_coordinate_gray,1,5164444700324940703,552e2830d8fb43ae649ff637b6ade485dd0dacce1e17a0985b92c37b28b615f2,250000,250000,62401,187599,625,proposal_budget_exhausted,False,,240,288,2,48,3000,16,16,1,16,2862,16,16,1,16,2862,0d77b6507ee2c1e045589ee10bade2d874655045420c1ccd3e130a41f11548c3,1427df7102c9722653415e0d6b8c212c1a9620939a9c06088786e1332b6b9296,ab095b7214ad9b40937476f65e009e06212595c9812f012e6ca6d86477f6be51,b576268caaaf003042d082c6e6e626457f9c8ce108ade19ba7df4384af2bcc12
29,primitive_q3_knn8,10,2,3,3,deterministic_random,deterministic_random_seed_6952304712138522875,0,6299481047326470014,552e2830d8fb43ae649ff637b6ade485dd0dacce1e17a0985b92c37b28b615f2,250000,250000,62445,187555,2017,proposal_budget_exhausted,False,,1194,2974,7,1,7134,32,33,2,1,3046,32,33,2,1,3046,33799705d6b898cbb9e4c47e7e0d9fdcdce08d482bdfbb65091a867671c4873b,bd5600bd9c80f3ac8c46283e7c821dedd962c709576a00ee03d9ab1fa74272dc,b74964db07d80a9754f3e3084416fbc8858f5441bff5c099b7814d14362a083a,14c3d31e67cf1a50cf1e96472740a28983267ff94a7570436daefbb8e94f9aac
29,primitive_q3_knn8,10,2,3,4,deterministic_random,deterministic_random_seed_6315447101447934137,1,1671315766929203324,552e2830d8fb43ae649ff637b6ade485dd0dacce1e17a0985b92c37b28b615f2,250000,250000,62311,187689,1925,proposal_budget_exhausted,False,,1178,2950,7,2,7101,38,42,3,1,3098,38,42,3,1,3098,63c60d68e719d480127d80f4419f43c56a36fe36d4cda40d6fed7a5787f7076d,4175636b82d25e4ffbe6b2a24bfb3f281e39b88e75aea93ca82c0c412d1530da,4175636b82d25e4ffbe6b2a24bfb3f281e39b88e75aea93ca82c0c412d1530da,477559b175cfb67d4ec6a3d6048b70d8c3176092749d6ccd8af7113b292f9b0e
29,primitive_q3_knn8,10,3,4,1,stage3_baseline,cartesian_coordinate_gray,0,2341446864538010589,552e2830d8fb43ae649ff637b6ade485dd0dacce1e17a0985b92c37b28b615f2,250000,190901,47811,143090,1677,target_feasible,True,190901,48,48,1,48,3000,0,0,0,153,3237,0,0,0,153,3237,0d77b6507ee2c1e045589ee10bade2d874655045420c1ccd3e130a41f11548c3,2a168196c8a0a6866e272f7d1f1060abf1828c703b718034dc8896cdeb0be6bd,2a168196c8a0a6866e272f7d1f1060abf1828c703b718034dc8896cdeb0be6bd,891568cb225fac40dab40a7b0fe99a0ea7c065157d643bd780c3912c686a6394
29,primitive_q3_knn8,10,3,4,2,stage3_baseline,cartesian_coordinate_gray,1,9684407568077766913,552e2830d8fb43ae649ff637b6ade485dd0dacce1e17a0985b92c37b28b615f2,250000,148416,37378,111038,1609,target_feasible,True,148416,48,48,1,48,3000,0,0,0,201,3392,0,0,0,201,3392,0d77b6507ee2c1e045589ee10bade2d874655045420c1ccd3e130a41f11548c3,602519de766cefd5c818fc48810c00f8e0f194d6b40855f2d4b1f1a7475cb652,602519de766cefd5c818fc48810c00f8e0f194d6b40855f2d4b1f1a7475cb652,87472e9b50f8bc395ffc310f07616da4600452ec917067e381c0e3df21c72348
29,primitive_q3_knn8,10,3,4,3,deterministic_random,deterministic_random_seed_10506967982169839393,0,390929218510330246,552e2830d8fb43ae649ff637b6ade485dd0dacce1e17a0985b92c37b28b615f2,250000,180721,45457,135264,2464,target_feasible,True,180721,879,1671,6,1,7012,0,0,0,170,3326,0,0,0,170,3326,c5b5f611d8f1baba9d400d59c6c9f969fa7140a7823eaa7f38134febf14c3367,9bf76c3b3a009ca775b2ac0335c779994494ba4204ccc3caf9d6b78851c72d76,9bf76c3b3a009ca775b2ac0335c779994494ba4204ccc3caf9d6b78851c72d76,ead784895c860f9b055eb32507e014257a7cf091c31de066f1b62feffd520acc
29,primitive_q3_knn8,10,3,4,4,deterministic_random,deterministic_random_seed_10629216862554575715,1,3560199602420425773,552e2830d8fb43ae649ff637b6ade485dd0dacce1e17a0985b92c37b28b615f2,250000,154521,38521,116000,2451,target_feasible,True,154521,883,1783,6,1,7107,0,0,0,202,3445,0,0,0,202,3445,b10388ba6f32c6e525af724eeba385971eb7813a03e60312d7779fed4ba386dd,3d1514fd1f5c61082ce9a3a73324a37664590d91db5afb9d10bfb3947399d83e,3d1514fd1f5c61082ce9a3a73324a37664590d91db5afb9d10bfb3947399d83e,13109eb76635eea37fee94bfaa4a8bf89f7d178df7d01f6bc7930b6cda74022e
30,primitive_q3_knn8,11,1,2,1,stage3_baseline,cartesian_coordinate_gray,0,9427370094034184007,552e2830d8fb43ae649ff637b6ade485dd0dacce1e17a0985b92c37b28b615f2,250000,250000,62443,187557,365,proposal_budget_exhausted,False,,384,672,3,48,3000,252,312,3,4,2652,252,312,3,4,2652,37f0334bc212dbaeabcae816e50d0be3be9c308e2d1391ed9c01e8e479e33ca3,7499205557e300913addcd4ace97d762353ff46b5b2e91108378c68de6b26cda,21062830bb472e0763e96c9d80a1c73e536f1f435cb8e69836202f8e531826f1,3d5b0b68b6fd93610786b157d8f44c12d568012d001705146921c1f530f7798c
30,primitive_q3_knn8,11,1,2,2,stage3_baseline,cartesian_coordinate_gray,1,1103716376839173734,552e2830d8fb43ae649ff637b6ade485dd0dacce1e17a0985b92c37b28b615f2,250000,250000,62496,187504,398,proposal_budget_exhausted,False,,384,672,3,48,3000,262,317,4,1,2671,262,317,4,1,2671,37f0334bc212dbaeabcae816e50d0be3be9c308e2d1391ed9c01e8e479e33ca3,55943333f1dc1be2dd851a5bd88ee105fad588cd1ae380b25f9b8a81f98d22be,366945bd1bebcab94e5490e01c136b4838b5fda9c38606c4bfc6b14603de477b,6ab2b32ed6edffdad12a6154c3b680f057c34f395b9d8f19f8278ecce369a658
30,primitive_q3_knn8,11,1,2,3,deterministic_random,deterministic_random_seed_5360889037713069071,0,17126438755063539052,552e2830d8fb43ae649ff637b6ade485dd0dacce1e17a0985b92c37b28b615f2,250000,250000,62556,187444,4039,proposal_budget_exhausted,False,,1365,4909,8,10,7731,469,1013,6,11,3636,469,1013,6,11,3636,f2f08756c8da04c4ac9f607fc21eb124cd4fee7b006eb1edd86802475490b8c4,da4d0a9e144ad09dd4b37965a71a77e7df9f528a6da540b703b9fc9344068a91,c131be67ef42f1d1da829adeaffb55c90dd0cd83b9f20bbd26c4355abbf54aff,1d3cf328df688d1e6092d4a990400f14180edcce605e34cbaade11e7ec40d8d1
30,primitive_q3_knn8,11,1,2,4,deterministic_random,deterministic_random_seed_4785913688870123560,1,13159271522582300128,552e2830d8fb43ae649ff637b6ade485dd0dacce1e17a0985b92c37b28b615f2,250000,250000,62444,187556,4116,proposal_budget_exhausted,False,,1384,5043,8,12,7867,472,930,7,1,3553,472,930,7,1,3553,5625dabb6889aaf1010e55f303e4db9ac20caf77071dbb3629e9a01916370819,3838767fcfb280d31a5455c0eee9f387475a0e89c917878d6b34f6b6d9b5fb5d,e811233e554c7ceadb565a43f0fb7231a886cddb2abeeedd0d03ce037a989b48,995ed2546e72d01992e39b080efb212de0c1442b7b2519cd278a22b32abed5fd
30,primitive_q3_knn8,11,2,3,1,stage3_baseline,cartesian_coordinate_gray,0,12635605143063933327,552e2830d8fb43ae649ff637b6ade485dd0dacce1e17a0985b92c37b28b615f2,250000,250000,62353,187647,512,proposal_budget_exhausted,False,,240,288,2,48,3000,18,19,2,1,2884,18,19,2,1,2884,37f0334bc212dbaeabcae816e50d0be3be9c308e2d1391ed9c01e8e479e33ca3,12c7a73cd23d25ed7ea3d4be5a069f9d2b650ece68dd10b08562a559d222c259,c61b6e8412d02cf73e3456e96cdc6409e4c9c052f9e27e7ce5631886ff64aa4a,8c81e7abc7d8f0019a32f8551ef2e8b79c9c63a0e27d5675edd77fdbfb301a75
30,primitive_q3_knn8,11,2,3,2,stage3_baseline,cartesian_coordinate_gray,1,1772785691409420278,552e2830d8fb43ae649ff637b6ade485dd0dacce1e17a0985b92c37b28b615f2,250000,250000,62489,187511,533,proposal_budget_exhausted,False,,240,288,2,48,3000,28,33,2,5,2951,28,33,2,5,2951,37f0334bc212dbaeabcae816e50d0be3be9c308e2d1391ed9c01e8e479e33ca3,4ec83de28509cd4a1637b36b685e8dcf6c286af085cc9e1235c5e86987ff6dba,972088bbe20b5cf8b8113b31737ef379415c5eff64bf35243a8c575ca63a7083,7eb0b78811fdc8741ca5cf806cb20841952125602179960d3787fbc3210e07e8
30,primitive_q3_knn8,11,2,3,3,deterministic_random,deterministic_random_seed_3572971673751985189,0,4329279357877975454,552e2830d8fb43ae649ff637b6ade485dd0dacce1e17a0985b92c37b28b615f2,250000,250000,62247,187753,2100,proposal_budget_exhausted,False,,1241,3615,7,9,7804,88,102,3,3,3320,88,102,3,3,3320,dcaf94d3bd394e95d780f2e30786640dffeb314b574918875fae0229af5c7814,1dd73a21d1fd7659d7490174d932c839b60a5f976d859a0a59b9ba7d92d47c5b,1dd73a21d1fd7659d7490174d932c839b60a5f976d859a0a59b9ba7d92d47c5b,8cd1ea3b722de1520369d6524fa05bf00185b8f19138cf4f32340537f5ad3313
30,primitive_q3_knn8,11,2,3,4,deterministic_random,deterministic_random_seed_6686487816875764488,1,18229561156836884266,552e2830d8fb43ae649ff637b6ade485dd0dacce1e17a0985b92c37b28b615f2,250000,250000,62450,187550,2065,proposal_budget_exhausted,False,,1238,3548,8,1,7743,86,100,3,2,3319,86,100,3,2,3319,6957a06212ad2d7cc020df629abefc5675d367fc52add60998a9c3edebc734d5,0b0491697423cfb17311eddef262d46cf698db271b371fa66e6b1b5eb6fec241,e6492653190e4aa869d82a1ecd3531ec4d0af2af0d3126270cbecc9a0bd91d1f,47e58dbae70ebed767e86113b4c404c62e9d84c441a81dd191a3240f34a5be6d
30,primitive_q3_knn8,11,3,4,1,stage3_baseline,cartesian_coordinate_gray,0,1320327242663135792,552e2830d8fb43ae649ff637b6ade485dd0dacce1e17a0985b92c37b28b615f2,250000,212011,53085,158926,1125,target_feasible,True,212011,48,48,1,48,3000,0,0,0,181,3322,0,0,0,181,3322,37f0334bc212dbaeabcae816e50d0be3be9c308e2d1391ed9c01e8e479e33ca3,484eef54058eea6cabf522d084e0f50f7f1ab763ca5e147600a12ab8e02367cb,484eef54058eea6cabf522d084e0f50f7f1ab763ca5e147600a12ab8e02367cb,f668551159b6fb0c79d7450b07726be92d273c2f7a4f07cde0d308ab15d125ff
30,primitive_q3_knn8,11,3,4,2,stage3_baseline,cartesian_coordinate_gray,1,2868130488252046320,552e2830d8fb43ae649ff637b6ade485dd0dacce1e17a0985b92c37b28b615f2,250000,173612,43388,130224,1113,target_feasible,True,173612,48,48,1,48,3000,0,0,0,242,3469,0,0,0,242,3469,37f0334bc212dbaeabcae816e50d0be3be9c308e2d1391ed9c01e8e479e33ca3,3397d9379593921e920d608ea52465ea5794c4651d73901382d7ccb0229d485b,3397d9379593921e920d608ea52465ea5794c4651d73901382d7ccb0229d485b,c6b39aafc5ba02bfbe7414f43fb832b440de9d163d7720c804f74215d36aba60
30,primitive_q3_knn8,11,3,4,3,deterministic_random,deterministic_random_seed_13723544603124352926,0,1066274589518976626,552e2830d8fb43ae649ff637b6ade485dd0dacce1e17a0985b92c37b28b615f2,250000,250000,62509,187491,2276,proposal_budget_exhausted,False,,1024,2376,6,8,7804,1,1,1,1,3431,1,1,1,1,3431,313447494c5223a98a3e7bb72536514469a0078ed7148eea9aac78ab888a7663,cb300bab2b80d396ce7652b3ed6d12b1d86d57c1bda013d90be58e451b612809,973522adcd72b2afc3cbe4c05cf96fcaa3ebe493a7c322011fa1de70cd8da057,ba27ae3a385de2c92de1de63bc01c1d6bb82e21687630fdc45c93d68947dad40
30,primitive_q3_knn8,11,3,4,4,deterministic_random,deterministic_random_seed_3533164716712118690,1,7065626672320902543,552e2830d8fb43ae649ff637b6ade485dd0dacce1e17a0985b92c37b28b615f2,250000,250000,62194,187806,2311,proposal_budget_exhausted,False,,1040,2398,7,2,7841,2,2,1,2,3425,2,2,1,2,3425,e2ac92603c68a3ddbe5dac917631dfb2306bfbbdcb66b9af6fd1f24aa7580f1d,66f2be32c8ed503c56660e70b166e2e38ee96ea5a245c1b735135ce184e29d29,66f2be32c8ed503c56660e70b166e2e38ee96ea5a245c1b735135ce184e29d29,b4ee1ac6f3e21073adf1fa95f06a0cb91c23ee31af6b1b47f0e0e21722043014
31,primitive_q3_knn8,13,1,2,1,stage3_baseline,cartesian_coordinate_gray,0,6385394395333917501,552e2830d8fb43ae649ff637b6ade485dd0dacce1e17a0985b92c37b28b615f2,250000,250000,62323,187677,325,proposal_budget_exhausted,False,,384,672,3,48,3000,277,364,3,5,2733,277,364,3,5,2733,11f83e2158153cc8b46ea76beba8c62fcaeabe5df38f5368c17ec438b6454f3d,7fc5944fcf54d63fc6c91f4196a2c4ecf813309977fef0bbbfb34df70991747f,7fc5944fcf54d63fc6c91f4196a2c4ecf813309977fef0bbbfb34df70991747f,05d48e0d21b788850a3ff3cc61ed603214c8634e4847403f81445ca7d7f117ec
31,primitive_q3_knn8,13,1,2,2,stage3_baseline,cartesian_coordinate_gray,1,13725504065850458476,552e2830d8fb43ae649ff637b6ade485dd0dacce1e17a0985b92c37b28b615f2,250000,250000,62589,187411,541,proposal_budget_exhausted,False,,384,672,3,48,3000,292,369,3,5,2733,292,369,3,5,2733,11f83e2158153cc8b46ea76beba8c62fcaeabe5df38f5368c17ec438b6454f3d,a6b2f255c48495f3cfa2ecb90217fea59bd349719de50543154f745f59a4b503,86e7a04f5ef3cec2455509fedfd6fd79ffc6569a1c713d45f97ee0c9cb587e52,57398b50e29048746b2192aeb9b7c8583be9b237f0dbe22b11ba9279ac29a602
31,primitive_q3_knn8,13,1,2,3,deterministic_random,deterministic_random_seed_12814025083707222539,0,13495844914996620707,552e2830d8fb43ae649ff637b6ade485dd0dacce1e17a0985b92c37b28b615f2,250000,250000,62489,187511,8951,proposal_budget_exhausted,False,,1411,6388,10,2,9220,653,1822,8,5,4522,653,1822,8,5,4522,86d7495e0a2beee95ebf9bd981f9f7820141d81c8b3ab085095a4df7e2738804,db8d25ed0ace8a3af8f52b48f1d0e032f79e9b29c72268be1f93a6e87910341b,db8d25ed0ace8a3af8f52b48f1d0e032f79e9b29c72268be1f93a6e87910341b,e939ada751e525d3b45312fef434f1a05fb35400a894a9f3b93a84d534a32ede
31,primitive_q3_knn8,13,1,2,4,deterministic_random,deterministic_random_seed_1192788138809296748,1,7932238611747206792,552e2830d8fb43ae649ff637b6ade485dd0dacce1e17a0985b92c37b28b615f2,250000,250000,62289,187711,9028,proposal_budget_exhausted,False,,1394,6358,10,2,9185,626,1660,8,2,4362,626,1660,8,2,4362,ed0a58f797df2cc91eda5b736eec1d76ee6d3cfb7f787fb02f3e7084fa65cf6f,d9014006e3f9e47b6393953e5bd5d996565b93e75ca736248124eebba0a0a1bb,d9014006e3f9e47b6393953e5bd5d996565b93e75ca736248124eebba0a0a1bb,e09504f566d78e77bbbfe1441da8087479fd7bc0d60ac4221e067ccacf57c64a
31,primitive_q3_knn8,13,2,3,1,stage3_baseline,cartesian_coordinate_gray,0,10147409489218836303,552e2830d8fb43ae649ff637b6ade485dd0dacce1e17a0985b92c37b28b615f2,250000,250000,62904,187096,376,proposal_budget_exhausted,False,,240,288,2,48,3000,53,57,2,4,3069,53,57,2,4,3069,11f83e2158153cc8b46ea76beba8c62fcaeabe5df38f5368c17ec438b6454f3d,6709b2176288623d784d891950f8eeefc401c32539106df648f75d3a3f054f90,dafdbcc8f1e8fb1cdb6bb1cfb0d602a374a5745fee71dd3e0fe80a1541ede108,e771f5d9c2b95170fbc292d6bd23013ed37e6bcbdb9f361976288a2dda9147bf
31,primitive_q3_knn8,13,2,3,2,stage3_baseline,cartesian_coordinate_gray,1,16095096896506131415,552e2830d8fb43ae649ff637b6ade485dd0dacce1e17a0985b92c37b28b615f2,250000,250000,62164,187836,375,proposal_budget_exhausted,False,,240,288,2,48,3000,62,65,2,3,3100,62,65,2,3,3100,11f83e2158153cc8b46ea76beba8c62fcaeabe5df38f5368c17ec438b6454f3d,0557219e131684a977c94a0ce4339fd96cba8522e3dc1755119390472d7ef298,66511937227df79c0adba0e1bb28a7c4bb687166a7fb3643d90ea5ed0300f13a,d92ac7b5765a3cafc89b31f72e13e19b54016f9b6cb641319fdf678e3d17aca3
31,primitive_q3_knn8,13,2,3,3,deterministic_random,deterministic_random_seed_1396980359154886182,0,16232310505889680254,552e2830d8fb43ae649ff637b6ade485dd0dacce1e17a0985b92c37b28b615f2,250000,250000,62362,187638,3104,proposal_budget_exhausted,False,,1359,5006,9,7,9244,287,422,4,3,3960,287,422,4,3,3960,c821d9bea1e7790d9b753ab728dbecba9c819ef5ce2d728bdcec282670f19e6f,abbf8c2c96ec5547cc03cabafbacdf1077eee5afe6ecc4eca50c9a5e484b53c7,abbf8c2c96ec5547cc03cabafbacdf1077eee5afe6ecc4eca50c9a5e484b53c7,1c21b7eb8ccbb8dcc5890208aa0790e7007675ddb8ed1ea2de18a285ca279c44
31,primitive_q3_knn8,13,2,3,4,deterministic_random,deterministic_random_seed_3686392198225923034,1,6490291625846443948,552e2830d8fb43ae649ff637b6ade485dd0dacce1e17a0985b92c37b28b615f2,250000,250000,62583,187417,3120,proposal_budget_exhausted,False,,1368,5030,9,4,9264,320,589,8,1,4180,320,589,8,1,4180,ef63ee327a1ccbab325b05c7112e1beace3b9a52c48e42475e420d96cce72fec,5213c7f094ec8b68e16199b045e582374616baef271a295bfb3af8b0e3c1b7ef,b37e3678be970adf1af4139d97d2b635846f1ba662d80150d9f024ce724d791e,bdf28a1f3ea16cfce4be941369aa96167a0e8c207ebe956c00e9b1f48d15b631
31,primitive_q3_knn8,13,3,4,1,stage3_baseline,cartesian_coordinate_gray,0,3750507003228550124,552e2830d8fb43ae649ff637b6ade485dd0dacce1e17a0985b92c37b28b615f2,250000,245721,61524,184197,739,target_feasible,True,245721,48,48,1,48,3000,0,0,0,231,3452,0,0,0,231,3452,11f83e2158153cc8b46ea76beba8c62fcaeabe5df38f5368c17ec438b6454f3d,757024aea1129772bb71b37e3046c462f23b9f9a81ff2db659a481a934949ecc,757024aea1129772bb71b37e3046c462f23b9f9a81ff2db659a481a934949ecc,cf330aee7bcbcdfc81930b497d657f021390d61439d85342f63aeeea702fe2e9
31,primitive_q3_knn8,13,3,4,2,stage3_baseline,cartesian_coordinate_gray,1,11492582311876760529,552e2830d8fb43ae649ff637b6ade485dd0dacce1e17a0985b92c37b28b615f2,250000,250000,62703,187297,719,proposal_budget_exhausted,False,,48,48,1,48,3000,1,1,1,1,3465,1,1,1,1,3465,11f83e2158153cc8b46ea76beba8c62fcaeabe5df38f5368c17ec438b6454f3d,aa592190bf60df347d931266cb8aa0ecab93519a551274dbdedb0c60d0f2ab39,aa592190bf60df347d931266cb8aa0ecab93519a551274dbdedb0c60d0f2ab39,10c08515176763c7c4ac7d52145084d3169511ab0264d7c4045c69fea0c6e542
31,primitive_q3_knn8,13,3,4,3,deterministic_random,deterministic_random_seed_11277600196401712055,0,16356978034207488175,552e2830d8fb43ae649ff637b6ade485dd0dacce1e17a0985b92c37b28b615f2,250000,250000,62336,187664,2009,proposal_budget_exhausted,False,,1238,3654,8,4,9236,42,53,3,1,4366,42,53,3,1,4366,a4fc6b7011ad6f7217c163411dd11d2344d8dde9a3b11bf0fb533f409c694b17,2629da545f03fd2aa12053af496e181c128a36556c78eb44f7e8055a7414d810,2629da545f03fd2aa12053af496e181c128a36556c78eb44f7e8055a7414d810,bd87d741ac6068e5485ac48a4a10ea80dd2987d1e6fb4ccd17e0b01508ad1de2
31,primitive_q3_knn8,13,3,4,4,deterministic_random,deterministic_random_seed_18145017593076768587,1,890039564723047330,552e2830d8fb43ae649ff637b6ade485dd0dacce1e17a0985b92c37b28b615f2,250000,250000,62526,187474,2017,proposal_budget_exhausted,False,,1215,3526,8,1,9106,25,31,2,6,4184,25,31,2,6,4184,49d1433079edfd4873562c29efb341b5bcbc22de3fce655456ea940cd6a869d8,a4969e6117f67ea5dab2108d0af46f6f86240644787cdad9f164bc07c39d1cbe,a4969e6117f67ea5dab2108d0af46f6f86240644787cdad9f164bc07c39d1cbe,1dc4d3d3b9e932c772409e5cea0473c4a881e06d4041553fdfa59d9121c01074
32,primitive_q4_knn4,10,1,2,1,stage3_baseline,canonical_index_gray,0,3239067208411106364,d79d375055b006ce804355602a5374448ae9b33dbb2c1819c22b63832fe410c2,300000,300000,74955,225045,8676,proposal_budget_exhausted,False,,1006,2223,7,1,4844,270,502,7,1,3066,270,502,7,1,3066,37c0544f7a83318b11d6a3547d8ac614e12eec73c42c50c74fa21a440e3dddd3,a887ae11305f36a884ea8f404db3cfe3c01ca3f4630263c5b97dddd7c2d7e292,f02be162961609ae8ae48e6a958a2c63d9556f96309a90caa86e4fabeb60e94a,cea49047d4d48c2a131ede6e472ad07a6c2672285e2923932a91ff4fc8655e90
32,primitive_q4_knn4,10,1,2,2,stage3_baseline,canonical_index_gray,1,5641485847055565271,d79d375055b006ce804355602a5374448ae9b33dbb2c1819c22b63832fe410c2,300000,300000,75161,224839,8717,proposal_budget_exhausted,False,,1006,2223,7,1,4844,278,490,6,2,3063,278,490,6,2,3063,37c0544f7a83318b11d6a3547d8ac614e12eec73c42c50c74fa21a440e3dddd3,9ffe2dc961c62a6ca28b4362c9c2b8bf4e64c05b6ef7df923502e1004ba6c84c,7c00ba51d657ebd6c5736bc69cb778c0babdb49ed0335728e3878bc2d447ba0f,923ee3e68f17f391e5516920b15ce8f3b0e328b5c3a035d013ec42115a4d9ce9
32,primitive_q4_knn4,10,1,2,3,deterministic_random,deterministic_random_seed_5327115284227682128,0,3281468051222683507,d79d375055b006ce804355602a5374448ae9b33dbb2c1819c22b63832fe410c2,300000,300000,75135,224865,10818,proposal_budget_exhausted,False,,1329,4203,7,13,7016,270,469,5,6,3017,270,469,5,6,3017,7306f3ed35f703dc8c6e6af7037d216d55706ed3f9eed4093a9509ab0ef54e88,d0b3f2d3dd1eaf66c4b32e832d33ccc4e46863b876e153ef2a4de4096084ca7b,1dde13f9b64c404c757fd78a6fcebe90c36751d97264340d6759f53ae5e963a5,e16d4932b4776c293f6aa42bf85dd13c66ee70127c079f3da216a667a07dc966
32,primitive_q4_knn4,10,1,2,4,deterministic_random,deterministic_random_seed_17382684517531281178,1,16774302857275410330,d79d375055b006ce804355602a5374448ae9b33dbb2c1819c22b63832fe410c2,300000,300000,75033,224967,10623,proposal_budget_exhausted,False,,1352,4262,8,2,7080,257,452,6,1,3012,257,452,6,1,3012,3890e31adc0538b3522ac24c0b6a1bc358c993ad11a0de879f89ffed2ee86ea2,e8daab4bdb23d0aa9a58808b82b5cf1a045b11d58278b1ea562deb38ea3069b9,e8daab4bdb23d0aa9a58808b82b5cf1a045b11d58278b1ea562deb38ea3069b9,cfaf9ee8b3ad86aefd015d229fb960ce94f205a57c8ec76d75db2ef01d362873
32,primitive_q4_knn4,10,2,3,1,stage3_baseline,canonical_index_gray,0,17299510532182077508,d79d375055b006ce804355602a5374448ae9b33dbb2c1819c22b63832fe410c2,300000,300000,74896,225104,5471,proposal_budget_exhausted,False,,677,1217,6,1,4844,11,11,1,11,3007,11,11,1,11,3007,37c0544f7a83318b11d6a3547d8ac614e12eec73c42c50c74fa21a440e3dddd3,457888bc41136591b349dd1a26058cc9a1614ba8e6ab075d45b555df4077ac45,e0d236cfdefa8d5e97f9424d1b728a52ceee2fe2f28ec896f8fc0bcf6b245135,aad7c21e0fd0eba7b45c625b49cf2fd0b338e96e3983a0027d7f6550b573d104
32,primitive_q4_knn4,10,2,3,2,stage3_baseline,canonical_index_gray,1,8216097733589397630,d79d375055b006ce804355602a5374448ae9b33dbb2c1819c22b63832fe410c2,300000,300000,75296,224704,5402,proposal_budget_exhausted,False,,677,1217,6,1,4844,16,17,2,1,2947,16,17,2,1,2947,37c0544f7a83318b11d6a3547d8ac614e12eec73c42c50c74fa21a440e3dddd3,eae1452ea5d409da8bacefc4bd46c602c1967a37370acac236643e3c787e4479,eae1452ea5d409da8bacefc4bd46c602c1967a37370acac236643e3c787e4479,586b30c4db149b3bfa15ad6f5924937b804850f0767ba0e908a6d7055720b696
32,primitive_q4_knn4,10,2,3,3,deterministic_random,deterministic_random_seed_16910533018089817850,0,1556933689656891558,d79d375055b006ce804355602a5374448ae9b33dbb2c1819c22b63832fe410c2,300000,300000,75371,224629,7017,proposal_budget_exhausted,False,,1194,2989,7,2,7166,19,20,2,1,3039,19,20,2,1,3039,230104b3ae6496acf01fb76059eb43a84d443436940aeac5cd5ae1827ce1dba2,77feefff2a32b8200259905245ffdd4b4667fcfe3c5224d622fbdc99cc346b01,77feefff2a32b8200259905245ffdd4b4667fcfe3c5224d622fbdc99cc346b01,0b122c87125a7a4466f56ca0b160854bc713fb03e833ff7fecd4b8d462c328f1
32,primitive_q4_knn4,10,2,3,4,deterministic_random,deterministic_random_seed_6937955704575362902,1,5246402948554801326,d79d375055b006ce804355602a5374448ae9b33dbb2c1819c22b63832fe410c2,300000,300000,74724,225276,6410,proposal_budget_exhausted,False,,1172,2896,6,13,7053,20,24,2,4,2995,20,24,2,4,2995,4646609a27298e00a854d4047be9e5d4b845070a310d24646b81f2c6c0f96de0,c6120503a75b1203f82fc5779185cbc695662fca073c3dfed7797264bf47a1e9,796ddcfed504d48b1389d3076961e8d5d187d89b1e7b6bd91267a20ab52a63d1,64480806b1b7bdec1449a747dd2c9c42352b8ffa5de0a4d52148f222cec8e72c
32,primitive_q4_knn4,10,3,4,1,stage3_baseline,canonical_index_gray,0,9650527413533374448,d79d375055b006ce804355602a5374448ae9b33dbb2c1819c22b63832fe410c2,300000,215719,53960,161759,7442,target_feasible,True,215719,349,540,5,1,4844,0,0,0,198,3341,0,0,0,198,3341,37c0544f7a83318b11d6a3547d8ac614e12eec73c42c50c74fa21a440e3dddd3,bd24abbf2d643477d3ddb1efe57300415c2ee71645f20d7e68d1e04c96d05780,bd24abbf2d643477d3ddb1efe57300415c2ee71645f20d7e68d1e04c96d05780,b64418222fd6c4712360c00f4bebd2c0a7b40c89da04e7a4e8f1d55cce001938
32,primitive_q4_knn4,10,3,4,2,stage3_baseline,canonical_index_gray,1,4123099179090206714,d79d375055b006ce804355602a5374448ae9b33dbb2c1819c22b63832fe410c2,300000,226486,56503,169983,7715,target_feasible,True,226486,349,540,5,1,4844,0,0,0,161,3255,0,0,0,161,3255,37c0544f7a83318b11d6a3547d8ac614e12eec73c42c50c74fa21a440e3dddd3,4021538b41ac8b66e235d40070b8e0fd38dc5df212c1dbd9ea9d01bd892bf095,4021538b41ac8b66e235d40070b8e0fd38dc5df212c1dbd9ea9d01bd892bf095,5f1ec12d223624868e587a85c71ff58d25de8a30e0ec593de31aecb999872794
32,primitive_q4_knn4,10,3,4,3,deterministic_random,deterministic_random_seed_15815617787656949605,0,1390173455685438476,d79d375055b006ce804355602a5374448ae9b33dbb2c1819c22b63832fe410c2,300000,237575,59337,178238,8651,target_feasible,True,237575,907,1836,6,2,7164,0,0,0,168,3199,0,0,0,168,3199,0425eaca7d25a177d8a26e065a2b97d22a86d7df813e188a4f66686dc34ad955,d2d1526e5319ab8492c4118d48181ec59cf88045c63e50e43090818916815efa,d2d1526e5319ab8492c4118d48181ec59cf88045c63e50e43090818916815efa,2819ea70dfa9917bf7dd150cbc22e8ce3b9cfd2d9b25adf6aa57cde1045423bb
32,primitive_q4_knn4,10,3,4,4,deterministic_random,deterministic_random_seed_1382098613837570344,1,6578467786861588332,d79d375055b006ce804355602a5374448ae9b33dbb2c1819c22b63832fe410c2,300000,214086,53664,160422,8327,target_feasible,True,214086,865,1742,6,2,7046,0,0,0,172,3271,0,0,0,172,3271,857501f52b9def16c572d6626f9f2faed3847e09a442fdd9698db6389d921303,4588bed307d1d600554d1bb2609080252ab126fe7a3ddc3de74e4777821df7f8,4588bed307d1d600554d1bb2609080252ab126fe7a3ddc3de74e4777821df7f8,541ccd8e43a750edef98a6942cd986d442ef2d5310fd3c806e52a178243ec38b
33,primitive_q4_knn4,11,1,2,1,stage3_baseline,canonical_index_gray,0,11449560853525165968,d79d375055b006ce804355602a5374448ae9b33dbb2c1819c22b63832fe410c2,300000,300000,75067,224933,12569,proposal_budget_exhausted,False,,1006,2223,7,1,4844,402,865,7,1,3511,402,865,7,1,3511,b32110d89b0d3f304b4cd737acaa42a278ca3b6ec90fc4e4634a2e4f325ca8e4,0a4f992602f445660032f5c46d1f0e606242393a5f0d3cc0d6bec5f46e24264b,0a4f992602f445660032f5c46d1f0e606242393a5f0d3cc0d6bec5f46e24264b,d68bc3a5e5afd604f1a9e2eb08cd15a75c77383ae6fcc8cbc05b84c014efa1c7
33,primitive_q4_knn4,11,1,2,2,stage3_baseline,canonical_index_gray,1,11538199174568928482,d79d375055b006ce804355602a5374448ae9b33dbb2c1819c22b63832fe410c2,300000,300000,74840,225160,12693,proposal_budget_exhausted,False,,1006,2223,7,1,4844,406,861,8,1,3487,406,861,8,1,3487,b32110d89b0d3f304b4cd737acaa42a278ca3b6ec90fc4e4634a2e4f325ca8e4,fbd5ae69ea7890a61887d797a723de278d877de62400acacc53466b0cd50bc85,fbd5ae69ea7890a61887d797a723de278d877de62400acacc53466b0cd50bc85,e68ed47a2ede234f0c5daa41f3bd8921be1cdff7e82176d08eaa9957a96f0a96
33,primitive_q4_knn4,11,1,2,3,deterministic_random,deterministic_random_seed_8274442260632167075,0,35162170081735685,d79d375055b006ce804355602a5374448ae9b33dbb2c1819c22b63832fe410c2,300000,300000,75447,224553,14164,proposal_budget_exhausted,False,,1357,4889,8,4,7710,375,795,6,3,3392,375,795,6,3,3392,ec6561b8b0d47218efe7abea4c8f7f6da45f16e80c67a8a58d1abdff43b8a29c,7558d6171e45dd5c1fa457bae60506eb29546e47c20bd65e5056c75598661f2a,7558d6171e45dd5c1fa457bae60506eb29546e47c20bd65e5056c75598661f2a,0c66f5c2b5cf8e14c723d745c0423397d8c67d73c773f9ec1fe6d60953faacd2
33,primitive_q4_knn4,11,1,2,4,deterministic_random,deterministic_random_seed_10651744603708018090,1,581971554306375646,d79d375055b006ce804355602a5374448ae9b33dbb2c1819c22b63832fe410c2,300000,300000,75176,224824,14684,proposal_budget_exhausted,False,,1374,4912,8,7,7738,369,799,7,1,3411,369,799,7,1,3411,0122d3e4b9240e7f0d808315bf278a82971225ac5223b8a687e4cc590c57546f,4e21181cdae0cf9608006f51ce640480678a67c52e6a030d8a41fb30a841ea7e,0638f37e8c18cbe9f41b6f0a5998a7d6e68084406f20f8c10ee1568c02862517,14817b6ab51acb80bc5f18021477266fe418c4be9e50187b18f03e1df7804140
33,primitive_q4_knn4,11,2,3,1,stage3_baseline,canonical_index_gray,0,15519728693425745391,d79d375055b006ce804355602a5374448ae9b33dbb2c1819c22b63832fe410c2,300000,300000,75051,224949,5271,proposal_budget_exhausted,False,,677,1217,6,1,4844,66,80,3,4,3272,66,80,3,4,3272,b32110d89b0d3f304b4cd737acaa42a278ca3b6ec90fc4e4634a2e4f325ca8e4,efacb03115f7fa32e08442b96e461a974a3483ee823930719a078c185322ff6c,899004f55eef18dcb3a0a78d044e5b609f266d00f4ceaa07c10d8eda3e2a25ba,f7597615dca3d680909731b714e09a327c45eef06b56f3a8d408a35defc357b8
33,primitive_q4_knn4,11,2,3,2,stage3_baseline,canonical_index_gray,1,3895332054604751634,d79d375055b006ce804355602a5374448ae9b33dbb2c1819c22b63832fe410c2,300000,300000,74790,225210,4812,proposal_budget_exhausted,False,,677,1217,6,1,4844,50,55,2,5,3273,50,55,2,5,3273,b32110d89b0d3f304b4cd737acaa42a278ca3b6ec90fc4e4634a2e4f325ca8e4,b9c53e776db33e4fc62855dd7d821318fa2853f1880f8a64f214bcf9200ee64a,b9c53e776db33e4fc62855dd7d821318fa2853f1880f8a64f214bcf9200ee64a,1eff4e469f43edf10263e42cd1e69f18eeca7ed7b905aaf27dbc1cc026775f64
33,primitive_q4_knn4,11,2,3,3,deterministic_random,deterministic_random_seed_8556404426460545289,0,7175346951567618668,d79d375055b006ce804355602a5374448ae9b33dbb2c1819c22b63832fe410c2,300000,300000,75082,224918,7218,proposal_budget_exhausted,False,,1268,3618,7,14,7804,84,110,4,2,3405,84,110,4,2,3405,6eb9a8fce541adde0b354d212fc840cb665aabe1286448c2491ff44b368826f9,d6e514def745378a4a795f9a37f2fe38ad4e9fac8d4865a135e3d619340f0976,d6e514def745378a4a795f9a37f2fe38ad4e9fac8d4865a135e3d619340f0976,c02142e678985c8e5d6004b992f728e784ff6a6f0fccec47743fde3d57ea9b64
33,primitive_q4_knn4,11,2,3,4,deterministic_random,deterministic_random_seed_4295467906051988154,1,17261889934087447844,d79d375055b006ce804355602a5374448ae9b33dbb2c1819c22b63832fe410c2,300000,300000,74744,225256,7597,proposal_budget_exhausted,False,,1246,3474,7,6,7671,86,113,4,1,3335,86,113,4,1,3335,8d2eff8e1f595db76fcfbbcbe45b3c070d226d7f503cf669c67343f005397da5,dd0fdec882a2c54314b75e94ac51b6745c0f49df07b7d062d38567ea3495279d,cca83ef2d02e5078a111dd5378b024ecb2d81c57908d6441fb26ac925775c869,768ac41574afab519ec8624c4bf6562c5a046a20aed0485832b7546dab5d82c6
33,primitive_q4_knn4,11,3,4,1,stage3_baseline,canonical_index_gray,0,10158304538630923549,d79d375055b006ce804355602a5374448ae9b33dbb2c1819c22b63832fe410c2,300000,242994,60553,182441,5655,target_feasible,True,242994,349,540,5,1,4844,0,0,0,271,3561,0,0,0,271,3561,b32110d89b0d3f304b4cd737acaa42a278ca3b6ec90fc4e4634a2e4f325ca8e4,74b1d10ff03563ef16d24da40bd4ab3b3bf94c7e50bc3cc54309a7e85ff63872,74b1d10ff03563ef16d24da40bd4ab3b3bf94c7e50bc3cc54309a7e85ff63872,65419ba8d418a7cf50ce91ca058d73072ba802800d0b06343803942cc81c8a1b
33,primitive_q4_knn4,11,3,4,2,stage3_baseline,canonical_index_gray,1,17002288622792746173,d79d375055b006ce804355602a5374448ae9b33dbb2c1819c22b63832fe410c2,300000,300000,74687,225313,5665,proposal_budget_exhausted,False,,349,540,5,1,4844,1,1,1,1,3370,1,1,1,1,3370,b32110d89b0d3f304b4cd737acaa42a278ca3b6ec90fc4e4634a2e4f325ca8e4,e348cbe7596e7dbae38c624850effbc23dd771a87dd99838d0230ea38c730705,eb03a6a982ea9a5f7552263c529ffa4b0630feb7f1b81a4a92157b63784fe3b8,648fc2058daf75b207d7a5dc5b9abb5b356ed6d801748605361dab154319b8da
33,primitive_q4_knn4,11,3,4,3,deterministic_random,deterministic_random_seed_14953127399911524544,0,17518311150858656150,d79d375055b006ce804355602a5374448ae9b33dbb2c1819c22b63832fe410c2,300000,280929,70263,210666,6914,target_feasible,True,280929,1046,2422,7,2,7870,0,0,0,209,3436,0,0,0,209,3436,1beee69b965387fc34216f3f473296659abbde8032a27a0a5c4c9a878dc432c5,25717f58e401d7862c022c93f8caf6cc838cdd7a398ceaf2d647f270545b806f,25717f58e401d7862c022c93f8caf6cc838cdd7a398ceaf2d647f270545b806f,a66222b2bfbafa5dda5275442f44e51d1a7c8275a7ebd1053f37d48a0e6fc3e9
33,primitive_q4_knn4,11,3,4,4,deterministic_random,deterministic_random_seed_1261075263431211772,1,6454724141708969162,d79d375055b006ce804355602a5374448ae9b33dbb2c1819c22b63832fe410c2,300000,257061,64208,192853,6721,target_feasible,True,257061,1037,2429,7,2,7886,0,0,0,251,3537,0,0,0,251,3537,7c490808341ac7a61b37ca8c95fe62a350a22268ade50c624724908e76904e89,8170569b47614bef8c5ba6a85c811c51d74c8ed66e3db66b18c6c16257f0c4cf,8170569b47614bef8c5ba6a85c811c51d74c8ed66e3db66b18c6c16257f0c4cf,81f18e7ad6347998753568355f8d8a2d2afd36b24f35fb08ea882ed90a343739
34,primitive_q4_knn4,12,1,2,1,stage3_baseline,cartesian_coordinate_gray,0,4461445360166834596,d79d375055b006ce804355602a5374448ae9b33dbb2c1819c22b63832fe410c2,300000,300000,74982,225018,7268,proposal_budget_exhausted,False,,516,936,6,6,3240,364,750,6,1,3254,364,750,6,1,3254,5927e1694304f078a9040c212788093b9fdcb69f40d7d68d6a9bb53a493eb099,34bf4db5a638d7e44e9f351fc10d5ec90594647f22655639f0b7e9e0ed29b18f,34bf4db5a638d7e44e9f351fc10d5ec90594647f22655639f0b7e9e0ed29b18f,ba552d067621134c400bb0ef986fa26d1c11fd50c1a97d8a5c7f4d043288bb4b
34,primitive_q4_knn4,12,1,2,2,stage3_baseline,cartesian_coordinate_gray,1,10371568433940555066,d79d375055b006ce804355602a5374448ae9b33dbb2c1819c22b63832fe410c2,300000,300000,74970,225030,6412,proposal_budget_exhausted,False,,516,936,6,6,3240,340,679,7,1,3141,340,679,7,1,3141,5927e1694304f078a9040c212788093b9fdcb69f40d7d68d6a9bb53a493eb099,669e1f01be79da1f50ee1c27edf7e4a9725d0d37160cc3c5cd9b1fe79eded47a,0dc6376980d20dc9e07c2ea48943f2dfccb8462080c4b443c63ec406b9ad1601,d0744e7f477fedc6fdba88a5bce2762fca9044ef2f92727c6c906fa11ff22200
34,primitive_q4_knn4,12,1,2,3,deterministic_random,deterministic_random_seed_7278912436394289123,0,4346936628313162703,d79d375055b006ce804355602a5374448ae9b33dbb2c1819c22b63832fe410c2,300000,300000,75047,224953,18495,proposal_budget_exhausted,False,,1384,5662,10,1,8489,538,1396,9,1,4064,538,1396,9,1,4064,b6c6bd009d95ce885ba8d49cdcab41001865a4bd8a14421958235028bf3ae6d2,f97e24c82e15991e0646ace9746ca35cbaa2f3499984a5a3cc44caa903efec42,f97e24c82e15991e0646ace9746ca35cbaa2f3499984a5a3cc44caa903efec42,cfe67a9eabd18b659684de4079fe82430e62a0f24fc4053f255c5fc1b6e5ae79
34,primitive_q4_knn4,12,1,2,4,deterministic_random,deterministic_random_seed_2483347970297127684,1,10774353562247287438,d79d375055b006ce804355602a5374448ae9b33dbb2c1819c22b63832fe410c2,300000,300000,74992,225008,18542,proposal_budget_exhausted,False,,1388,5695,9,7,8519,523,1307,8,1,3956,523,1307,8,1,3956,221a122d463f4ac09a5a4952c663e69c533cfab2c985ba21c2ff8fa3f0523232,acbae5cf038785eb65debcc54bd63f4687f288cb1529ca0874ac9a5ac16cd122,c9246d2e9127cf857b4a0b7bec37c605e5c9f2339a21858b39b5df6f0e245954,d8d3bbeea1d47781b9af8d94bda7074262265f7f5ce91b31467c395ca71a1d98
34,primitive_q4_knn4,12,2,3,1,stage3_baseline,cartesian_coordinate_gray,0,10215329152582631949,d79d375055b006ce804355602a5374448ae9b33dbb2c1819c22b63832fe410c2,300000,300000,75344,224656,1997,proposal_budget_exhausted,False,,234,420,5,6,3240,47,55,3,2,3201,47,55,3,2,3201,5927e1694304f078a9040c212788093b9fdcb69f40d7d68d6a9bb53a493eb099,1b21debb5bac6251bdcf03bc44a1aa226a13cdb588fcc44dec5f901b05ef5a99,cc9d709de4bb962fba1d3f4436895fd4c17fb65c79765e979c72f79507ea721d,e74b56ea81304524f6e0d220b0ea50a558777d2eed07eece1f2ca773cc734a5b
34,primitive_q4_knn4,12,2,3,2,stage3_baseline,cartesian_coordinate_gray,1,11326175415015155148,d79d375055b006ce804355602a5374448ae9b33dbb2c1819c22b63832fe410c2,300000,300000,75481,224519,2097,proposal_budget_exhausted,False,,234,420,5,6,3240,45,59,3,2,3148,45,59,3,2,3148,5927e1694304f078a9040c212788093b9fdcb69f40d7d68d6a9bb53a493eb099,3542ebb93fc0cf82f2a5547084904a4b1e18d3cce5b7d46675244f9822930992,138f117be6d87b2a5a2126408083950cb17bc823399a72346049720b4bc6e503,d294a5829782ad2b89466a0211f511472e3ec1744b208f9db263472e0d535e5e
34,primitive_q4_knn4,12,2,3,3,deterministic_random,deterministic_random_seed_4019680872062229338,0,16237741663655774012,d79d375055b006ce804355602a5374448ae9b33dbb2c1819c22b63832fe410c2,300000,300000,74622,225378,8690,proposal_budget_exhausted,False,,1306,4210,9,1,8425,197,325,8,1,3896,197,325,8,1,3896,7adbf1f29b1804a6c4c0aab0462ec4885b586ca69ec6870f510ad225fa169a3a,ca995ffcaf80f33c5750ada8c3252b0f6edf95df58c88ed11fe8293c896d7d5a,41110d75f42982a96a84dfe1b81595173d0089a118332a05229747059c4062de,1920b7ac431fff3a28e18c8ef9e2aa3ff4e5e62acbedc2d60936222a1cea42c6
34,primitive_q4_knn4,12,2,3,4,deterministic_random,deterministic_random_seed_9784818393148528225,1,16818525528936558023,d79d375055b006ce804355602a5374448ae9b33dbb2c1819c22b63832fe410c2,300000,300000,75104,224896,8698,proposal_budget_exhausted,False,,1304,4126,9,1,8337,174,292,6,3,3821,174,292,6,3,3821,0bd4f1246b97e18e885fc3b269b267bd30f4b408a8ce745458e8cc85b3cf9c0c,4579371736ea6148a7673a16ffaa20f5c539fead6c439c64871caead2effd787,4579371736ea6148a7673a16ffaa20f5c539fead6c439c64871caead2effd787,f8a272b99d26ca79ec2212e1f27b46a866e7c1ac87ee7e8ca6a1d60d99632191
34,primitive_q4_knn4,12,3,4,1,stage3_baseline,cartesian_coordinate_gray,0,557720209833918081,d79d375055b006ce804355602a5374448ae9b33dbb2c1819c22b63832fe410c2,300000,300000,74755,225245,3226,proposal_budget_exhausted,False,,120,186,4,6,3240,2,2,1,2,3642,2,2,1,2,3642,5927e1694304f078a9040c212788093b9fdcb69f40d7d68d6a9bb53a493eb099,7ed404a53c9746eaff516172058bece35a58aabc8666a00e69b6be48fde1f384,bf2c4729300495f72f0cc1b22a52945fe57dfdcde276332d1ec5cea631e8fa74,e33b8583a01fce0018404a83440951d02941617bab02117225ca6ca31984c836
34,primitive_q4_knn4,12,3,4,2,stage3_baseline,cartesian_coordinate_gray,1,2346779099444061919,d79d375055b006ce804355602a5374448ae9b33dbb2c1819c22b63832fe410c2,300000,300000,75069,224931,3364,proposal_budget_exhausted,False,,120,186,4,6,3240,1,1,1,1,3655,1,1,1,1,3655,5927e1694304f078a9040c212788093b9fdcb69f40d7d68d6a9bb53a493eb099,b7ca86b0bd7965f458aa292b56b73d7e3a3a0e62588a84261b96c324ff13fe55,b7ca86b0bd7965f458aa292b56b73d7e3a3a0e62588a84261b96c324ff13fe55,b6c9f0f2810145cbc6d044bb7cac0c6b1653a65cf2270e5eb4591d750b509078
34,primitive_q4_knn4,12,3,4,3,deterministic_random,deterministic_random_seed_2606399459315385771,0,9479226458062154738,d79d375055b006ce804355602a5374448ae9b33dbb2c1819c22b63832fe410c2,300000,300000,74874,225126,6193,proposal_budget_exhausted,False,,1124,2851,7,1,8385,10,10,1,10,3914,10,10,1,10,3914,dbb519e9f1e3dfc3da1edec5ee948ed01a95181c867f8225bb1d64d8bbbad512,9afaaba21b3e159d3af4c1f5bf1146c4324c1935db3bd466b4c8e9f6e9e19826,085fb7a5b6ef3662c36579781dfd93d6e9d4787cda74f71007fe57f8f54a0d6a,e3b2ed051bd02f4f7c37ea06b965eb396491c83c020cac629efda7003d24046d
34,primitive_q4_knn4,12,3,4,4,deterministic_random,deterministic_random_seed_1434583081599270181,1,9875543606999988707,d79d375055b006ce804355602a5374448ae9b33dbb2c1819c22b63832fe410c2,300000,300000,74898,225102,6278,proposal_budget_exhausted,False,,1132,2982,8,1,8493,12,13,2,1,3983,12,13,2,1,3983,60fcb14956a5bf1b2882de4811d8f8978da802d09e2869698da9b0b9f3e27716,8e1da73063e0f64d3390ecc916f8317a9d059190f4fde334da54e08cae1d3461,829a1fab82b12aab32cc31d529d4d360e9df6e75d119fd739027f1816fef4303,38ebecf4669d89360f34e19a77e5442566df136087695446df9d544fabae6c48
34,primitive_q4_knn4,12,4,5,1,stage3_baseline,cartesian_coordinate_gray,0,13266739939798030514,d79d375055b006ce804355602a5374448ae9b33dbb2c1819c22b63832fe410c2,300000,205288,51281,154007,6886,target_feasible,True,205288,36,66,3,6,3240,0,0,0,156,4263,0,0,0,156,4263,5927e1694304f078a9040c212788093b9fdcb69f40d7d68d6a9bb53a493eb099,76f7091109a061c0c8f6c33f40d8b7f9f9df5703d731a4f6c70519a569017634,76f7091109a061c0c8f6c33f40d8b7f9f9df5703d731a4f6c70519a569017634,348f5a6374689ee7c78740cee1401bde8c74f6f644747fce21992021438b83db
34,primitive_q4_knn4,12,4,5,2,stage3_baseline,cartesian_coordinate_gray,1,6175876391815288789,d79d375055b006ce804355602a5374448ae9b33dbb2c1819c22b63832fe410c2,300000,203592,50901,152691,6671,target_feasible,True,203592,36,66,3,6,3240,0,0,0,211,4432,0,0,0,211,4432,5927e1694304f078a9040c212788093b9fdcb69f40d7d68d6a9bb53a493eb099,dcbb57297ccf61e6b3997f8980febd8018c9b3f054d1c13450076ae460d315fa,dcbb57297ccf61e6b3997f8980febd8018c9b3f054d1c13450076ae460d315fa,3350182239d9a49ee0aab6aa697f2f9839554a584324580c2f1717baa357a9ad
34,primitive_q4_knn4,12,4,5,3,deterministic_random,deterministic_random_seed_6068596935514757253,0,792079713121661497,d79d375055b006ce804355602a5374448ae9b33dbb2c1819c22b63832fe410c2,300000,225950,56458,169492,8357,target_feasible,True,225950,900,1932,7,2,8627,0,0,0,171,4273,0,0,0,171,4273,4e290aa494fb46fefaa371e5c8f3260416ce9e12c7ec85d299f6b64fc258c274,144814b00628a6e958dc6a657fb3a5676a63100f380f823d613637e2c2eab5ea,144814b00628a6e958dc6a657fb3a5676a63100f380f823d613637e2c2eab5ea,3ac8422b5b2ea1e9a40d4d3a0ea53b8cb43a14515dba609e5a43d3e2d1cfafd2
34,primitive_q4_knn4,12,4,5,4,deterministic_random,deterministic_random_seed_2689263256521778150,1,7387499987354574535,d79d375055b006ce804355602a5374448ae9b33dbb2c1819c22b63832fe410c2,300000,217244,54125,163119,8391,target_feasible,True,217244,867,1832,6,4,8478,0,0,0,186,4334,0,0,0,186,4334,6a087d87d04bdb2e980fb3f1f8a667e1824e6d0c37f453dda52e63bed8d9b187,a1c34d1660ceaff3269f22fe132e5f5d5fe74fb7068606fcf825250043b03eb3,a1c34d1660ceaff3269f22fe132e5f5d5fe74fb7068606fcf825250043b03eb3,8e32a7472c0d2aa8f2e182a2d1a6c0dd322b96af688498931dd67bb89e171e6c
35,primitive_q4_knn4,14,1,2,1,stage3_baseline,cartesian_coordinate_gray,0,7718661830003584459,d79d375055b006ce804355602a5374448ae9b33dbb2c1819c22b63832fe410c2,300000,300000,74959,225041,6995,proposal_budget_exhausted,False,,516,936,6,6,3240,501,1228,8,2,3756,501,1228,8,2,3756,fdc7ac4e2b464b211e5793109c97bb6b8ca885203bd1dcfebda42d5d2cb2e765,bf86258fe0d927e539ba7bf4cf70454f9bab58c45d34f2f698ce56eda575cee8,bf86258fe0d927e539ba7bf4cf70454f9bab58c45d34f2f698ce56eda575cee8,bea9f4729ebd7811a19af538e58c7dbd6d1a4ea77516265b6a253bc477584581
35,primitive_q4_knn4,14,1,2,2,stage3_baseline,cartesian_coordinate_gray,1,13616840323210862809,d79d375055b006ce804355602a5374448ae9b33dbb2c1819c22b63832fe410c2,300000,300000,75145,224855,7423,proposal_budget_exhausted,False,,516,936,6,6,3240,514,932,6,6,3236,515,1320,10,1,3843,fdc7ac4e2b464b211e5793109c97bb6b8ca885203bd1dcfebda42d5d2cb2e765,ee99e0f29848a9b3793cc0045b52e856fd1f69dad76f99aae3771974bac9689e,511962f4a130712d57d6720ce48e0f0a64b3314edae70a2d5dca57364e74b9bd,1a86c33b88e8e54eb6b323acad174311479a1612522de01d3f3c71ac8e9ca944
35,primitive_q4_knn4,14,1,2,3,deterministic_random,deterministic_random_seed_17705145060011423064,0,2681931386113039823,d79d375055b006ce804355602a5374448ae9b33dbb2c1819c22b63832fe410c2,300000,300000,74993,225007,21594,proposal_budget_exhausted,False,,1407,7146,11,2,9976,755,2477,10,1,5217,755,2477,10,1,5217,32ee6e80d392ac766a8465d31651873c20a439a4b37d8c6fe8a3d35e50fb85f8,2a58842360bff3f7b5a6929e7c556a044cef2bc891ba39a5d213692b9a66a26c,2a58842360bff3f7b5a6929e7c556a044cef2bc891ba39a5d213692b9a66a26c,2e0784b7c3d7d2487e40bc32ba0f8cc0927169fc0b26fb535976024f27fbbb83
35,primitive_q4_knn4,14,1,2,4,deterministic_random,deterministic_random_seed_12548063940229296582,1,6172671619661414115,d79d375055b006ce804355602a5374448ae9b33dbb2c1819c22b63832fe410c2,300000,300000,75488,224512,22129,proposal_budget_exhausted,False,,1409,7139,10,13,9969,790,2465,10,1,5198,790,2465,10,1,5198,78aac3b4451f4c780d668d762b517526e478d6fa31ac53526b0f5600f6a83776,e7e2846e18cff9b754047dc8c77529a9313a24501029e1f7dc7f95c56636806a,5f99249c18e5c2f0899b8a9835f201ff2855e5901a660c8c709667f49dd78438,31e40b006486d72a6eda01f8ea8fc19994f6fc6ee3658446e7b475aa6e7383ff
35,primitive_q4_knn4,14,2,3,1,stage3_baseline,cartesian_coordinate_gray,0,7411550045731950079,d79d375055b006ce804355602a5374448ae9b33dbb2c1819c22b63832fe410c2,300000,300000,74935,225065,1528,proposal_budget_exhausted,False,,234,420,5,6,3240,104,142,4,2,3349,104,142,4,2,3349,fdc7ac4e2b464b211e5793109c97bb6b8ca885203bd1dcfebda42d5d2cb2e765,216aa450f6011b2d25d167092217776a4e87b5de6edd0bf735733d4da57e5f21,216aa450f6011b2d25d167092217776a4e87b5de6edd0bf735733d4da57e5f21,d54167bbba54c262b2feceb47a49b7fe6b2649ed2d6d6e6bc602fac895b29bf4
35,primitive_q4_knn4,14,2,3,2,stage3_baseline,cartesian_coordinate_gray,1,15824461628009680298,d79d375055b006ce804355602a5374448ae9b33dbb2c1819c22b63832fe410c2,300000,300000,74739,225261,2101,proposal_budget_exhausted,False,,234,420,5,6,3240,132,210,5,1,3525,132,210,5,1,3525,fdc7ac4e2b464b211e5793109c97bb6b8ca885203bd1dcfebda42d5d2cb2e765,490c67239587cb355a0e24c915e528e3fa0d24c317060d7aabd519cc7c9b7f4c,490c67239587cb355a0e24c915e528e3fa0d24c317060d7aabd519cc7c9b7f4c,b495978ccdbf330c7aff6dff1dfd75b109bcb44fb969e15fbb591910d6b45f20
35,primitive_q4_knn4,14,2,3,3,deterministic_random,deterministic_random_seed_9169502201496418345,0,11168942313174416472,d79d375055b006ce804355602a5374448ae9b33dbb2c1819c22b63832fe410c2,300000,300000,75371,224629,16063,proposal_budget_exhausted,False,,1375,5591,9,5,9833,436,985,6,4,4825,436,985,6,4,4825,bf90eac3f3f2c2c9f297526fb08e443dd5b37e59c288acb68a363bca16abedeb,bd155e4602bf22d237c3e5bbc5e5d6b7ec060a880aa62bc2f9122eed83357263,bd155e4602bf22d237c3e5bbc5e5d6b7ec060a880aa62bc2f9122eed83357263,c75975ae3eb5a0ba7fb9bfa99d8886dd07165bb638b32439962a35cbdd6c40aa
35,primitive_q4_knn4,14,2,3,4,deterministic_random,deterministic_random_seed_7122614317054472370,1,5656681273737922169,d79d375055b006ce804355602a5374448ae9b33dbb2c1819c22b63832fe410c2,300000,300000,74641,225359,15966,proposal_budget_exhausted,False,,1376,5599,11,1,9834,436,1104,8,4,4922,436,1104,8,4,4922,a954d1bf329b1355349b1e7143c70e1647cdbe12f4411cd51448c12a5f3c6b5a,37a23f575b570f602f91953090877c1cc8d8796555b74cf39b40f244fd670753,37a23f575b570f602f91953090877c1cc8d8796555b74cf39b40f244fd670753,e75ef7671da5f7299282c168846a8ec349ef6dea6911ccc745eddc9aaff23722
35,primitive_q4_knn4,14,3,4,1,stage3_baseline,cartesian_coordinate_gray,0,10925530281013030458,d79d375055b006ce804355602a5374448ae9b33dbb2c1819c22b63832fe410c2,300000,300000,75007,224993,2180,proposal_budget_exhausted,False,,120,186,4,6,3240,28,34,2,6,4199,28,34,2,6,4199,fdc7ac4e2b464b211e5793109c97bb6b8ca885203bd1dcfebda42d5d2cb2e765,44cb973a7e2faeb19dd6251c011f82dfca0b1555520da984e634e29cc1171da1,e8b1d65a4646041d9a75a5ec2429923eacbeaf8d1c323c4a08a891494c4c1110,a913dd527ff756d351af6f78bc72e4228bac21ff53342e021b75571f4950e845
35,primitive_q4_knn4,14,3,4,2,stage3_baseline,cartesian_coordinate_gray,1,16603798695883482919,d79d375055b006ce804355602a5374448ae9b33dbb2c1819c22b63832fe410c2,300000,300000,74670,225330,1792,proposal_budget_exhausted,False,,120,186,4,6,3240,23,26,2,3,4168,23,26,2,3,4168,fdc7ac4e2b464b211e5793109c97bb6b8ca885203bd1dcfebda42d5d2cb2e765,0c181e87882f047f7baf9d554d944140d343e3e2a8d566c71fcc7651cb33b7ba,627fd371bb468dddfdb6a499ccd957e97f3e1087ea38be5816ee82f28398b044,43279738e21c6509c6fd9d343644b51c95b37daceed07bfced7cba453f3e2efe
35,primitive_q4_knn4,14,3,4,3,deterministic_random,deterministic_random_seed_16787907307171392968,0,16207537944103763325,d79d375055b006ce804355602a5374448ae9b33dbb2c1819c22b63832fe410c2,300000,300000,74556,225444,7533,proposal_budget_exhausted,False,,1284,4293,9,1,9899,122,195,6,1,4918,122,195,6,1,4918,392ae89102429c43b3b4916642e428480bc538abe5c0a2a616df1113d3de60a9,831890266746479851bdc2aff752510f52fd7ff7d745c8ead7b866b6e2a560aa,2d61f7218ee30814f010691949364e5d4d727f259d836b562f6557f07e8ee045,50727ac8684d8ac0a6f1786129e80f8bab9ca0f33de67c1ef1e52760958f1817
35,primitive_q4_knn4,14,3,4,4,deterministic_random,deterministic_random_seed_17509071973075717742,1,1945755292524455108,d79d375055b006ce804355602a5374448ae9b33dbb2c1819c22b63832fe410c2,300000,300000,74904,225096,7668,proposal_budget_exhausted,False,,1281,4356,9,1,9981,132,215,4,4,5076,132,215,4,4,5076,173c8f51abb1a37f019314f2efef5e77a157059253a4a4b25e7e889cf4847a81,79c843832bca693be248bef272fa028b49758d3058971be72dabf5ae064a2172,9e0e35c2bb823b610d8854d95ac9bfd69f4f06aa5a149003ae93b503391b4f58,2c63e0004dc139fc8d8d3181f709db2961053428d202e6664e6ff59789d24fdc
35,primitive_q4_knn4,14,4,5,1,stage3_baseline,cartesian_coordinate_gray,0,3017160730182815649,d79d375055b006ce804355602a5374448ae9b33dbb2c1819c22b63832fe410c2,300000,289911,72459,217452,4105,target_feasible,True,289911,36,66,3,6,3240,0,0,0,272,4771,0,0,0,272,4771,fdc7ac4e2b464b211e5793109c97bb6b8ca885203bd1dcfebda42d5d2cb2e765,dc599f562fdbe44436a75cc1fa3765fddfdf78abcc0e9759a3d016b5dc72078b,dc599f562fdbe44436a75cc1fa3765fddfdf78abcc0e9759a3d016b5dc72078b,4fd4b18e67f4b54988cebfa692da13ea1858af415d012c024336895da190a233
35,primitive_q4_knn4,14,4,5,2,stage3_baseline,cartesian_coordinate_gray,1,10743806049172217165,d79d375055b006ce804355602a5374448ae9b33dbb2c1819c22b63832fe410c2,300000,292909,73295,219614,3783,target_feasible,True,292909,36,66,3,6,3240,0,0,0,208,4555,0,0,0,208,4555,fdc7ac4e2b464b211e5793109c97bb6b8ca885203bd1dcfebda42d5d2cb2e765,8d79d2108d81e94c680eb88f22e4b23ed05923e4e38cb5d2b1d9374ee752d508,8d79d2108d81e94c680eb88f22e4b23ed05923e4e38cb5d2b1d9374ee752d508,c6a019d10f96c707c6584e34f7fe871c95a9105234208d17c10787cf21321458
35,primitive_q4_knn4,14,4,5,3,deterministic_random,deterministic_random_seed_531610560403762181,0,7787690234276463770,d79d375055b006ce804355602a5374448ae9b33dbb2c1819c22b63832fe410c2,300000,300000,75060,224940,6217,proposal_budget_exhausted,False,,1110,3016,8,1,9924,3,3,1,3,5059,3,3,1,3,5059,f6c6e5a47709cf10e1dc96379741eb41fe64542562916d73643b1199c6847292,67a9061c9da15a96b974f5579150c63a21285c50b5fa61600d4a6d945d0d04e9,67a9061c9da15a96b974f5579150c63a21285c50b5fa61600d4a6d945d0d04e9,75ae7731d5f5b5bef0dfe1a45685bd9e22edc0365c76d550ec284045780a6096
35,primitive_q4_knn4,14,4,5,4,deterministic_random,deterministic_random_seed_12422890236657006693,1,4293670171899636319,d79d375055b006ce804355602a5374448ae9b33dbb2c1819c22b63832fe410c2,300000,300000,74976,225024,6453,proposal_budget_exhausted,False,,1122,3001,8,2,9911,9,9,1,9,5016,9,9,1,9,5016,6d76d6e50ed09c1aa5b38aebd290f65d93427a4817516272440f2b4e860a051c,050ae82b93e1dcf0ab8eba52f6d73fb07de24b03b01082d147db5ccdb5f59bb9,050ae82b93e1dcf0ab8eba52f6d73fb07de24b03b01082d147db5ccdb5f59bb9,52470f3cdccdc8db588d2b546516facdf664767ad329d32c4fa7578ae6d4a761
36,primitive_q4_knn6,10,1,2,1,stage3_baseline,canonical_index_gray,0,11154913067750820893,d79d375055b006ce804355602a5374448ae9b33dbb2c1819c22b63832fe410c2,300000,300000,75465,224535,4164,proposal_budget_exhausted,False,,1609,3482,7,1,7536,550,945,6,2,4869,550,945,6,2,4869,37c0544f7a83318b11d6a3547d8ac614e12eec73c42c50c74fa21a440e3dddd3,ad0bac5a2f4519978da2acc0ece5fbddf395e9287c7aac52694c11458856f8eb,ad0bac5a2f4519978da2acc0ece5fbddf395e9287c7aac52694c11458856f8eb,dbf87d428e53d05a695171c6cb6d8d998791fe4237985d6afb7b6e12f57ba913
36,primitive_q4_knn6,10,1,2,2,stage3_baseline,canonical_index_gray,1,9565934806028754600,d79d375055b006ce804355602a5374448ae9b33dbb2c1819c22b63832fe410c2,300000,300000,75185,224815,4826,proposal_budget_exhausted,False,,1609,3482,7,1,7536,545,1028,6,3,4994,545,1028,6,3,4994,37c0544f7a83318b11d6a3547d8ac614e12eec73c42c50c74fa21a440e3dddd3,7b1178b22c6e466dedb436064cd293de3e0463e80cf2a97fbfb5e25b42ee51c0,dd299ad1d9aacd658e3f198ba915f5ec0d879d1eb9630589a78ac8da13ad382b,147a318542fa798b478d84092d306ba619783b7190763e5ebe978ca8052a5316
36,primitive_q4_knn6,10,1,2,3,deterministic_random,deterministic_random_seed_7380015680805310569,0,9072773366784882983,d79d375055b006ce804355602a5374448ae9b33dbb2c1819c22b63832fe410c2,300000,300000,74900,225100,6171,proposal_budget_exhausted,False,,2075,6585,8,2,10928,577,1070,7,2,5045,577,1070,7,2,5045,11b5459b3210e6c458a631757a28c25fc76372b550a57f8d9bf0772b3b6489c2,c4cd55406e89b139a482833968dd15a408b09ef4fdff9b360700508584cac94d,43260864c1271646f9361822cf3b1ecea0c06bc7c41b43ddbd2e8b8be30e7921,2949e12e419902b02338ad2ebbc0cbe807c509f89351ccbbd7c616b751647144
36,primitive_q4_knn6,10,1,2,4,deterministic_random,deterministic_random_seed_2990941905707628693,1,9300418418503301297,d79d375055b006ce804355602a5374448ae9b33dbb2c1819c22b63832fe410c2,300000,300000,74843,225157,6047,proposal_budget_exhausted,False,,2052,6612,8,4,10959,548,932,6,1,4922,548,932,6,1,4922,7f8b0961e85050bc5eb1892d3d769ad3b814dbfdd0a5d657049e704ad84ed5d7,64848ac722d4902d32bcd94f2de9388c5614ac69849afe739db1710bb522e8ea,64848ac722d4902d32bcd94f2de9388c5614ac69849afe739db1710bb522e8ea,9028a27aa38c796551671d849c8b13de0e00137be0e49f85f0a9ca56aa1ecaac
36,primitive_q4_knn6,10,2,3,1,stage3_baseline,canonical_index_gray,0,16337445969744404711,d79d375055b006ce804355602a5374448ae9b33dbb2c1819c22b63832fe410c2,300000,300000,74756,225244,2688,proposal_budget_exhausted,False,,1044,1873,6,1,7536,69,70,2,1,4855,69,70,2,1,4855,37c0544f7a83318b11d6a3547d8ac614e12eec73c42c50c74fa21a440e3dddd3,9c0faf19cb0b6a11aa48ef19ab45303dcfb2502b082409013733b968ac2fc73f,9c0faf19cb0b6a11aa48ef19ab45303dcfb2502b082409013733b968ac2fc73f,a51bbad72874ed91743082dd50ea6f2f6077af323ab55cbc8bb6b4c528860261
36,primitive_q4_knn6,10,2,3,2,stage3_baseline,canonical_index_gray,1,11563638553155338977,d79d375055b006ce804355602a5374448ae9b33dbb2c1819c22b63832fe410c2,300000,300000,75007,224993,2837,proposal_budget_exhausted,False,,1044,1873,6,1,7536,53,58,2,5,4715,53,58,2,5,4715,37c0544f7a83318b11d6a3547d8ac614e12eec73c42c50c74fa21a440e3dddd3,2dd3c6901bdffef47fa80fad469ff2a5fb9c746f6e72e4e465f1a1813985c038,2dd3c6901bdffef47fa80fad469ff2a5fb9c746f6e72e4e465f1a1813985c038,ade97992d3401a7c79831362b81e732b93c8e3647f355d2293b96639b69180b8
36,primitive_q4_knn6,10,2,3,3,deterministic_random,deterministic_random_seed_15735680819596232255,0,10086056225983905360,d79d375055b006ce804355602a5374448ae9b33dbb2c1819c22b63832fe410c2,300000,300000,74522,225478,4172,proposal_budget_exhausted,False,,1825,4748,7,6,11179,76,83,3,1,4830,76,83,3,1,4830,0d50414e7068232eb2fc15cf4de5817e9732046960056b1841dc47ee38b0c838,e63c612b8b17f765b4361bc854a6923d07278dd778eb93a6529bac0ce61acc03,e63c612b8b17f765b4361bc854a6923d07278dd778eb93a6529bac0ce61acc03,3dcfcb9405cd8d0e6d75fa573febc584aff60f3556c827025ef72daae6331955
36,primitive_q4_knn6,10,2,3,4,deterministic_random,deterministic_random_seed_12706522590853126497,1,7787317972139193179,d79d375055b006ce804355602a5374448ae9b33dbb2c1819c22b63832fe410c2,300000,300000,75037,224963,4116,proposal_budget_exhausted,False,,1817,4556,6,22,10969,72,79,3,1,4793,72,79,3,1,4793,b9c17aa1f18bb55cf0ce7ec8bbf1562bfe5656a4954416bd16e1a933b8825723,fb486908bd01c8e2c7f5a574dd2311f814f1e7dd47a21202b3cb05eb8d50edf7,a4c451abca6bc5008b400b481259d243154c75278b4acf488b54df3082b1f1e0,ac841a5b1fa5cd70742cd84395e25eec70e45e98360ff11a69f82e9d50d396a1
36,primitive_q4_knn6,10,3,4,1,stage3_baseline,canonical_index_gray,0,13897639106536704161,d79d375055b006ce804355602a5374448ae9b33dbb2c1819c22b63832fe410c2,300000,204365,50825,153540,3847,target_feasible,True,204365,551,829,5,1,7536,0,0,0,345,5295,0,0,0,345,5295,37c0544f7a83318b11d6a3547d8ac614e12eec73c42c50c74fa21a440e3dddd3,9eb207bb3f5a8107307d7f77761470f928c9002061fd7cb3e363b446a33f3aa1,9eb207bb3f5a8107307d7f77761470f928c9002061fd7cb3e363b446a33f3aa1,ba0b30df461f62c0263c5e7c3d655519ecaad837d2fb3e47b491de7b58409cea
36,primitive_q4_knn6,10,3,4,2,stage3_baseline,canonical_index_gray,1,4837675264361744091,d79d375055b006ce804355602a5374448ae9b33dbb2c1819c22b63832fe410c2,300000,254642,63652,190990,4026,target_feasible,True,254642,551,829,5,1,7536,0,0,0,302,5135,0,0,0,302,5135,37c0544f7a83318b11d6a3547d8ac614e12eec73c42c50c74fa21a440e3dddd3,6670702198595609a7ad2f49c7cfb8b78873b5f9c7d9612343ca2090c7ad7ef5,6670702198595609a7ad2f49c7cfb8b78873b5f9c7d9612343ca2090c7ad7ef5,a7fe44961bf03348c4918292379239770589985986c8c55dcf1a93555109f188
36,primitive_q4_knn6,10,3,4,3,deterministic_random,deterministic_random_seed_1993760286520769044,0,12915449988561590809,d79d375055b006ce804355602a5374448ae9b33dbb2c1819c22b63832fe410c2,300000,232763,58189,174574,4904,target_feasible,True,232763,1331,2674,6,1,10919,0,0,0,279,5160,0,0,0,279,5160,88f0257644575a6087e04c5e1c13235c86fa493ab8fff2efc1f2bdc0cdd48f93,35fcae74a21a9e12876efd6ab627c52ace9c6ec0f170b9784f5f825a5d61e510,35fcae74a21a9e12876efd6ab627c52ace9c6ec0f170b9784f5f825a5d61e510,f8cf41f52dd0c6df002a37853ac9fa7975c9a3a7e59f23ffd57951408c6f3b75
36,primitive_q4_knn6,10,3,4,4,deterministic_random,deterministic_random_seed_18422140827008298149,1,9819303607930754823,d79d375055b006ce804355602a5374448ae9b33dbb2c1819c22b63832fe410c2,300000,236064,59188,176876,4908,target_feasible,True,236064,1393,2745,6,4,10979,0,0,0,258,5081,0,0,0,258,5081,18b30d0453bb4b936db9708749efd981b16ea00f7f057cf4a58cc7ab5ede4266,03e6749c4f68a16bb0e84292346b68f162cfb7afcc9069e548b557d74c5edc7e,03e6749c4f68a16bb0e84292346b68f162cfb7afcc9069e548b557d74c5edc7e,93a7258c6876d3c6f67ed629c282e78dff8387e941cda2208af99d05b5436c6d
37,primitive_q4_knn6,11,1,2,1,stage3_baseline,canonical_index_gray,0,1063216862664904291,d79d375055b006ce804355602a5374448ae9b33dbb2c1819c22b63832fe410c2,300000,300000,74895,225105,6035,proposal_budget_exhausted,False,,1609,3482,7,1,7536,736,1542,7,2,5577,736,1542,7,2,5577,b32110d89b0d3f304b4cd737acaa42a278ca3b6ec90fc4e4634a2e4f325ca8e4,588ed2f0a549c7e15df11086d374d447954bf92885ed2c0aae52ff0aa3cde4c0,588ed2f0a549c7e15df11086d374d447954bf92885ed2c0aae52ff0aa3cde4c0,4e6616c143dcf2349b366a2b479be1214c247c273eff1317b8f227b9d0727a64
37,primitive_q4_knn6,11,1,2,2,stage3_baseline,canonical_index_gray,1,3830778028723984290,d79d375055b006ce804355602a5374448ae9b33dbb2c1819c22b63832fe410c2,300000,300000,74908,225092,5635,proposal_budget_exhausted,False,,1609,3482,7,1,7536,711,1445,6,3,5513,711,1445,6,3,5513,b32110d89b0d3f304b4cd737acaa42a278ca3b6ec90fc4e4634a2e4f325ca8e4,443716de752402a1b9ea783ca3da47e3097443d48948675e54f40f5b13d21b95,443716de752402a1b9ea783ca3da47e3097443d48948675e54f40f5b13d21b95,dd62815feb7395af88d9bc8516578395b1caef528b3ddb43f5fe88de9b0914d2
37,primitive_q4_knn6,11,1,2,3,deterministic_random,deterministic_random_seed_11623402687969275678,0,2871997611962424928,d79d375055b006ce804355602a5374448ae9b33dbb2c1819c22b63832fe410c2,300000,300000,74783,225217,8308,proposal_budget_exhausted,False,,2125,7590,8,11,11945,751,1533,7,1,5560,751,1533,7,1,5560,10900e9857d3403dea6aa010ed78908f97f6c200d45f679fce7493dc406b2ab8,2ed200baa5156a5394fbc5c5e820c38cb11dc3b4f413b6b7b74a2caaa3557017,2ed200baa5156a5394fbc5c5e820c38cb11dc3b4f413b6b7b74a2caaa3557017,63923c5adb28da655a00acf821aa4a1f7442a8759960e87f51642851b2ba3cff
37,primitive_q4_knn6,11,1,2,4,deterministic_random,deterministic_random_seed_11182838495589588804,1,2057198422002885735,d79d375055b006ce804355602a5374448ae9b33dbb2c1819c22b63832fe410c2,300000,300000,74940,225060,8565,proposal_budget_exhausted,False,,2110,7705,9,1,12063,770,1589,7,1,5630,770,1589,7,1,5630,381f7e14b20c2984b0bf79bcee3f3028a18ebf5048cc5b6817a5540b2f1bad86,4a6d5fa0245c9fb89410947d18bdc306db735a86cd19a0ad97e5c5ae7768c545,4a6d5fa0245c9fb89410947d18bdc306db735a86cd19a0ad97e5c5ae7768c545,809485e0290d42e56bdbf165e99081ceccf9e0d7ee4f7577f5a3125460198ee5
37,primitive_q4_knn6,11,2,3,1,stage3_baseline,canonical_index_gray,0,17482445923622556173,d79d375055b006ce804355602a5374448ae9b33dbb2c1819c22b63832fe410c2,300000,300000,75074,224926,2320,proposal_budget_exhausted,False,,1044,1873,6,1,7536,158,188,3,2,5217,158,188,3,2,5217,b32110d89b0d3f304b4cd737acaa42a278ca3b6ec90fc4e4634a2e4f325ca8e4,2a5923d6d0be006e8ced82334290413f3f9b42594e7f3affc1dd999fa825c140,2a5923d6d0be006e8ced82334290413f3f9b42594e7f3affc1dd999fa825c140,af11c51c562684dd2d4f99cd78d763aa6a076eb6919286599ed035cd6e706571
37,primitive_q4_knn6,11,2,3,2,stage3_baseline,canonical_index_gray,1,12101518816360691153,d79d375055b006ce804355602a5374448ae9b33dbb2c1819c22b63832fe410c2,300000,300000,74717,225283,2317,proposal_budget_exhausted,False,,1044,1873,6,1,7536,171,200,3,4,5286,171,200,3,4,5286,b32110d89b0d3f304b4cd737acaa42a278ca3b6ec90fc4e4634a2e4f325ca8e4,5c7d16ceec9cf89e1fd669c37779645700777b1c7d3c5cd4e779b3ec32348103,d0c37e85697b8ec92f5ca0b1b715351384668fcda4a689474d8d78fa127788c2,f91035268e51f40030b3edc07d4fd09cdd7ba96ffdffcc6aad837776a92829df
37,primitive_q4_knn6,11,2,3,3,deterministic_random,deterministic_random_seed_8817164838969375876,0,12675073068892182456,d79d375055b006ce804355602a5374448ae9b33dbb2c1819c22b63832fe410c2,300000,300000,74887,225113,4348,proposal_budget_exhausted,False,,1939,5665,8,1,12142,199,253,4,1,5420,199,253,4,1,5420,83eb2367f80db9fd2181624fdd17ecec494dd1fc20ede18f4664f26abe5d8292,d67edf10ccbcd1aaf71fb5e385e26d6df259a149b7f55c0076bf719f824fd324,d67edf10ccbcd1aaf71fb5e385e26d6df259a149b7f55c0076bf719f824fd324,ce26172fed7fdc1811276450b888c46f4d0e499efe65e0b1f33d3436827e554a
37,primitive_q4_knn6,11,2,3,4,deterministic_random,deterministic_random_seed_2815586451418270642,1,17792437099410518443,d79d375055b006ce804355602a5374448ae9b33dbb2c1819c22b63832fe410c2,300000,300000,75003,224997,4472,proposal_budget_exhausted,False,,1938,5610,7,11,12077,213,263,3,6,5398,213,263,3,6,5398,e3e3209a80d3edd69c078afdf8f727da668ec9da26bd170912e5ae1470995d83,e0bf1d834ce064cddf706cfe314ec62cbea473a8d69c173a98cf2fbe78f15650,e0bf1d834ce064cddf706cfe314ec62cbea473a8d69c173a98cf2fbe78f15650,9b00d358fa6ddb248bbea0674622368c9c7acc79452662e656c952f93ed3a9a2
37,primitive_q4_knn6,11,3,4,1,stage3_baseline,canonical_index_gray,0,18276583184381886186,d79d375055b006ce804355602a5374448ae9b33dbb2c1819c22b63832fe410c2,300000,300000,74785,225215,2722,proposal_budget_exhausted,False,,551,829,5,1,7536,2,2,1,2,5450,2,2,1,2,5450,b32110d89b0d3f304b4cd737acaa42a278ca3b6ec90fc4e4634a2e4f325ca8e4,23939a7b9a80079a9eea55f1e17c6847725a948b61563a17b45852636f6dfaf3,34fdea7545e3b9d43b7efedf0ce04ea5da1fa8cf8faa1b3542763b225823d2b8,6b08e04cf901c6120751b821824bc9ab77d586cce709a8f95752ec5d88e50a16
37,primitive_q4_knn6,11,3,4,2,stage3_baseline,canonical_index_gray,1,15967060539608924957,d79d375055b006ce804355602a5374448ae9b33dbb2c1819c22b63832fe410c2,300000,300000,75174,224826,2658,proposal_budget_exhausted,False,,551,829,5,1,7536,2,2,1,2,5508,2,2,1,2,5508,b32110d89b0d3f304b4cd737acaa42a278ca3b6ec90fc4e4634a2e4f325ca8e4,1d0bdaf06ed95c1bac0c20603f7092c0a09457ad914d9024f871a4bfdbe37a1f,1d0bdaf06ed95c1bac0c20603f7092c0a09457ad914d9024f871a4bfdbe37a1f,23e3a10eea5716b0fee4f816e4acf79d83d3db584888f10f1fff0253fe11df72
37,primitive_q4_knn6,11,3,4,3,deterministic_random,deterministic_random_seed_1202170716015562408,0,6878675561729576197,d79d375055b006ce804355602a5374448ae9b33dbb2c1819c22b63832fe410c2,300000,300000,74855,225145,4149,proposal_budget_exhausted,False,,1606,3684,7,2,12118,3,4,2,1,5528,3,4,2,1,5528,e359e5b39b4075ea5844875414c42e29ee0980408da8c5910af3e94fade1eb87,d3876b900638803918a7500c98764405c96101dc5442df9fb4507a0bee9c4d21,dd3483ca3d5d7ec14f53f662802452622c1ffe3a787cf89491ade3880314b1fd,9f2d7a983b3193e19e612e6f20738d57882cbb17097c7ad4187c198e49548175
37,primitive_q4_knn6,11,3,4,4,deterministic_random,deterministic_random_seed_702456872859745129,1,10966059205705648170,d79d375055b006ce804355602a5374448ae9b33dbb2c1819c22b63832fe410c2,300000,300000,75105,224895,4296,proposal_budget_exhausted,False,,1611,3717,7,3,12107,1,1,1,1,5397,1,1,1,1,5397,cd49898dc334aa558eb2f46bcfae1ddfb8eda563babf3629325b13195666e4ad,552bb64753afa7385f01816e0284faf24a17ea8d83172542e308153454670406,552bb64753afa7385f01816e0284faf24a17ea8d83172542e308153454670406,ed2d0813cede5ec41fa1586a3663e3ad993fd761b984f952f78b0611e3536385
37,primitive_q4_knn6,11,4,5,1,stage3_baseline,canonical_index_gray,0,10861082511491761460,d79d375055b006ce804355602a5374448ae9b33dbb2c1819c22b63832fe410c2,300000,193245,48067,145178,5481,target_feasible,True,193245,213,278,4,1,7536,0,0,0,158,6180,0,0,0,158,6180,b32110d89b0d3f304b4cd737acaa42a278ca3b6ec90fc4e4634a2e4f325ca8e4,78e648290a55fde0786f22e83da7a8a7e1ac555ee3624ad0772bd082de3a2a15,78e648290a55fde0786f22e83da7a8a7e1ac555ee3624ad0772bd082de3a2a15,f2e24b6042c0c7af36bb8539152819bd246fb88b71efd279ad2450e472dabbb4
37,primitive_q4_knn6,11,4,5,2,stage3_baseline,canonical_index_gray,1,10502303622680314591,d79d375055b006ce804355602a5374448ae9b33dbb2c1819c22b63832fe410c2,300000,209062,52115,156947,5780,target_feasible,True,209062,213,278,4,1,7536,0,0,0,151,6043,0,0,0,151,6043,b32110d89b0d3f304b4cd737acaa42a278ca3b6ec90fc4e4634a2e4f325ca8e4,eadbe68848b067f616acec439c3b63523c333a4503c0919bec4f7479640ac10c,eadbe68848b067f616acec439c3b63523c333a4503c0919bec4f7479640ac10c,ef209d9df068e0526a55020cf8d85fa13e978aa27481f26da45129daa7680b62
37,primitive_q4_knn6,11,4,5,3,deterministic_random,deterministic_random_seed_18267939064857126742,0,14448744581782208605,d79d375055b006ce804355602a5374448ae9b33dbb2c1819c22b63832fe410c2,300000,202844,50590,152254,6477,target_feasible,True,202844,1079,2010,5,18,11976,0,0,0,171,6154,0,0,0,171,6154,7b1f6478cc00a6c5bf38a40492b034d28f2e619e2043bf75ef09209535400330,d36d0989b7cda49eab2b85170c88b81293c1cbc9772ac6efcc336141fb467126,d36d0989b7cda49eab2b85170c88b81293c1cbc9772ac6efcc336141fb467126,2e951379f396396394a97adcd241342b48c19db3dfdaea57b3857f303cf7a304
37,primitive_q4_knn6,11,4,5,4,deterministic_random,deterministic_random_seed_6266169232584768445,1,12270221425882253502,d79d375055b006ce804355602a5374448ae9b33dbb2c1819c22b63832fe410c2,300000,186307,46628,139679,6567,target_feasible,True,186307,1116,2058,6,1,12061,0,0,0,229,6444,0,0,0,229,6444,e8009fed24271c55e1366a2061028bbba2fe7e4c642abfe9255a410596fee26e,983eb9acfe130b0a04e4f3761a20d19bc0623eb2defdba79e3ff12123097c83f,983eb9acfe130b0a04e4f3761a20d19bc0623eb2defdba79e3ff12123097c83f,9789dddf5abec89eaf499fef1d9040d4f214bd68df24bb4396b3b983bdcd81c5
38,primitive_q4_knn6,12,1,2,1,stage3_baseline,cartesian_coordinate_gray,0,17775210790258342855,d79d375055b006ce804355602a5374448ae9b33dbb2c1819c22b63832fe410c2,300000,300000,75208,224792,1199,proposal_budget_exhausted,False,,804,1392,6,6,4992,521,753,4,9,4448,521,753,4,9,4448,5927e1694304f078a9040c212788093b9fdcb69f40d7d68d6a9bb53a493eb099,8b707633ccddbe5f404edf4d1f2a3259a1fad011a0ff31ea5c6e60e93671ee96,8b707633ccddbe5f404edf4d1f2a3259a1fad011a0ff31ea5c6e60e93671ee96,f6539c45c0d093e1a0d855e2fdd5d0c25364a3e1f350287767878af1e6f4d587
38,primitive_q4_knn6,12,1,2,2,stage3_baseline,cartesian_coordinate_gray,1,11549114083335185659,d79d375055b006ce804355602a5374448ae9b33dbb2c1819c22b63832fe410c2,300000,300000,75086,224914,1147,proposal_budget_exhausted,False,,804,1392,6,6,4992,507,678,5,1,4361,507,678,5,1,4361,5927e1694304f078a9040c212788093b9fdcb69f40d7d68d6a9bb53a493eb099,ebd5072ca7dd58a9a10a4e1ba3102272feedb479cbe0678a25e2b9017b0f15c9,039bdeacbe4e14eac74637f9baecb5deb9e193ea7281640215e7a48271888854,36a137c76e48f3a378370d99ecf6fd49356a0759d2248a613f6b4d6066544e09
38,primitive_q4_knn6,12,1,2,3,deterministic_random,deterministic_random_seed_13462110021549476176,0,6711850611666167827,d79d375055b006ce804355602a5374448ae9b33dbb2c1819c22b63832fe410c2,300000,300000,75069,224931,11812,proposal_budget_exhausted,False,,2135,8770,9,8,13128,922,2356,8,3,6490,922,2356,8,3,6490,7a2d42ee372df8ded866355362b5098e23214355a1995b613e24ec657a6d52e1,96c5239fe5d0dcf9bf19d757a184b54f067021682345b93a914bebeaa6f15a6d,55e6644836f9d281ddda28cb656f502d3bcbacfc2110a94beeb0733b2c4110bf,e0c4ab9a0c3de61e3c64f72a538146930925baa8d045b00d4cc6cbee2a35da3b
38,primitive_q4_knn6,12,1,2,4,deterministic_random,deterministic_random_seed_7035876685586254590,1,7711321373500948207,d79d375055b006ce804355602a5374448ae9b33dbb2c1819c22b63832fe410c2,300000,300000,75321,224679,12394,proposal_budget_exhausted,False,,2131,8723,9,5,13081,967,2499,8,1,6652,967,2499,8,1,6652,11d1fcfcd40c3490ce3f33c5cc4554ca19c935bf4c71b6fed3e6fe2d0cbeba09,0c3cb3c1b9258ffb57f64ddbfe6d71ee655c91db92ef990c8d3ed137cadb60e8,73dbf14d0906728892e28b7dda093407776221ee486446f727dfc808069dedcd,32db940fdedad4c920049bc9413a3671b82fabb6e4a47dae58d3ffed18be7e53
38,primitive_q4_knn6,12,2,3,1,stage3_baseline,cartesian_coordinate_gray,0,9049105844148412779,d79d375055b006ce804355602a5374448ae9b33dbb2c1819c22b63832fe410c2,300000,300000,74707,225293,697,proposal_budget_exhausted,False,,354,588,5,6,4992,74,80,3,1,4686,74,80,3,1,4686,5927e1694304f078a9040c212788093b9fdcb69f40d7d68d6a9bb53a493eb099,d7cd48fefc9543893f3806835f747acf3c6e11c3d8d21091f48cf47ac1e1d664,7738d3c29f33472deb17334093dbb3b3d3e6132b09bbf26c82a981d1e1a265de,2a41ae1e2ed1bf39a0b44e08ab3b05a96a44a1a60a3f83a59a9c8d94f797a9a0
38,primitive_q4_knn6,12,2,3,2,stage3_baseline,cartesian_coordinate_gray,1,3574015670506870286,d79d375055b006ce804355602a5374448ae9b33dbb2c1819c22b63832fe410c2,300000,300000,74629,225371,755,proposal_budget_exhausted,False,,354,588,5,6,4992,102,109,3,1,4711,102,109,3,1,4711,5927e1694304f078a9040c212788093b9fdcb69f40d7d68d6a9bb53a493eb099,a548b8d8c5cacffdad658cedbec2dc59d988f6019d8b80bcb40815b53ed9c960,5bc99ae3b2e6d5930945598b95c017764a530b16755d705afe59f2543f8824d5,dd1d260758cd4df90ffaec8de841a355580fdcf78507c7032e6dc8cb0d206dda
38,primitive_q4_knn6,12,2,3,3,deterministic_random,deterministic_random_seed_5513029361786987993,0,5829481840659371824,d79d375055b006ce804355602a5374448ae9b33dbb2c1819c22b63832fe410c2,300000,300000,75271,224729,5296,proposal_budget_exhausted,False,,2023,6580,8,3,13089,396,577,5,2,6024,396,577,5,2,6024,647589c74f74ae02029ff6da9745c2fd3ceaae12b9142dc4791f58a9fe9e11fb,1257dbb3df5bea6b516950e2f7bb71325ccb24e4f46478f955d25a0448433744,e3540638c78fb762f665b76c935c6d86b68eea1699246485a7e42016b9994d2f,51a7176761642e5836273f2968eb76dd03a2ab0ca2416f96406d05126c6fbcbc
38,primitive_q4_knn6,12,2,3,4,deterministic_random,deterministic_random_seed_6856379962988451473,1,5399539925484956889,d79d375055b006ce804355602a5374448ae9b33dbb2c1819c22b63832fe410c2,300000,300000,74958,225042,4993,proposal_budget_exhausted,False,,2025,6676,8,9,13189,333,480,5,2,5898,333,480,5,2,5898,2dd5b096d1ba521882f5b392a5844887141443e3474c0ce36d6951116ec9d6ab,ae75ea618cc559c908c54f738dd4f251519b6150376932e61a9d7b26db1c5647,ae75ea618cc559c908c54f738dd4f251519b6150376932e61a9d7b26db1c5647,3b4a6dcc09e667ba2bda7835f320c47aa9cccac97900932de168c4f10ffc489c
38,primitive_q4_knn6,12,3,4,1,stage3_baseline,cartesian_coordinate_gray,0,15823288386963839559,d79d375055b006ce804355602a5374448ae9b33dbb2c1819c22b63832fe410c2,300000,300000,74739,225261,1524,proposal_budget_exhausted,False,,144,234,4,6,4992,3,3,1,3,5456,3,3,1,3,5456,5927e1694304f078a9040c212788093b9fdcb69f40d7d68d6a9bb53a493eb099,f2087c936e6525d337bb80409e3e5ea6c03947ea0f5265bdda1bbe3e6ecf53a1,825fb9ffb7abf17bf1c6ffb179b194e72a39b2b7133d8f1fd2523231ac8a6ab3,eeaa39e9dcfd9dab3fb39aeee024782d1af24fe96336ae741ef837fce98a67ab
38,primitive_q4_knn6,12,3,4,2,stage3_baseline,cartesian_coordinate_gray,1,14232834838169007054,d79d375055b006ce804355602a5374448ae9b33dbb2c1819c22b63832fe410c2,300000,300000,74920,225080,1553,proposal_budget_exhausted,False,,144,234,4,6,4992,5,5,1,5,5458,5,5,1,5,5458,5927e1694304f078a9040c212788093b9fdcb69f40d7d68d6a9bb53a493eb099,f6cea04a0550d07520a8a0fe39ff8a492e0962261eee2d9fdf37489b1e524d27,b8df29a53b1b08752c115dfdf9b9512aed50aa867ee8a505a2086979f3e54e9a,34129b44298f63782cc788652d4098989a9fcafaffe6b2ba18444e8b211ac76a
38,primitive_q4_knn6,12,3,4,3,deterministic_random,deterministic_random_seed_12625211549213292982,0,7465487831799266681,d79d375055b006ce804355602a5374448ae9b33dbb2c1819c22b63832fe410c2,300000,300000,75070,224930,4076,proposal_budget_exhausted,False,,1744,4475,7,5,13002,23,23,1,23,6283,23,23,1,23,6283,5781ec16bcaa0e66279bcb526034fb2824a3fa3e14462956de7c015e1d86234e,f681d896c0685a6183154f0ac49391539007893971165ef8643c8bd6512acd0f,f681d896c0685a6183154f0ac49391539007893971165ef8643c8bd6512acd0f,c93b6302ccc6c9a6ad59ab8898461e157f05f225ec9a109d1f8f63cfa1cb78d0
38,primitive_q4_knn6,12,3,4,4,deterministic_random,deterministic_random_seed_15185385493159778215,1,6414405804312348895,d79d375055b006ce804355602a5374448ae9b33dbb2c1819c22b63832fe410c2,300000,300000,75143,224857,3779,proposal_budget_exhausted,False,,1712,4487,7,6,12995,34,36,2,2,6320,34,36,2,2,6320,550ac73daf88517901aa093232598d592d4b892d5b876fead9824decd5ed202e,42c61a987ade94e201df5e28558f4ad34f460fc2ce22191ea4c5e9b97a0d75b2,42c61a987ade94e201df5e28558f4ad34f460fc2ce22191ea4c5e9b97a0d75b2,415594ffe820193628bffc815aa61ec3b753fcffc63246ee1ce912242d3ac5c9
38,primitive_q4_knn6,12,4,5,1,stage3_baseline,cartesian_coordinate_gray,0,13258552161099198266,d79d375055b006ce804355602a5374448ae9b33dbb2c1819c22b63832fe410c2,300000,221807,55782,166025,3648,target_feasible,True,221807,60,90,3,6,4992,0,0,0,214,6430,0,0,0,214,6430,5927e1694304f078a9040c212788093b9fdcb69f40d7d68d6a9bb53a493eb099,212d2ba33fd9a5ee61053a2c9c6997b4a6687967b7230cc3619846e6058fc153,212d2ba33fd9a5ee61053a2c9c6997b4a6687967b7230cc3619846e6058fc153,3d03f4ff8822d1f1a306bb33aac4e196e1ec9dadf2a6855e6628b29dba4944e9
38,primitive_q4_knn6,12,4,5,2,stage3_baseline,cartesian_coordinate_gray,1,12376455572892669532,d79d375055b006ce804355602a5374448ae9b33dbb2c1819c22b63832fe410c2,300000,250324,62529,187795,3676,target_feasible,True,250324,60,90,3,6,4992,0,0,0,144,6015,0,0,0,144,6015,5927e1694304f078a9040c212788093b9fdcb69f40d7d68d6a9bb53a493eb099,4845e8faaef4a3ab1eafc6fd3f0ec7ffeae107c7668ef0a0a0de5531c9e7ab8e,4845e8faaef4a3ab1eafc6fd3f0ec7ffeae107c7668ef0a0a0de5531c9e7ab8e,d72cf139d3bffb1f7569dea58975e6031c7a05d854c6dd8b94dc0aa9c02505bc
38,primitive_q4_knn6,12,4,5,3,deterministic_random,deterministic_random_seed_11490572642273970214,0,6241583509966628190,d79d375055b006ce804355602a5374448ae9b33dbb2c1819c22b63832fe410c2,300000,214300,53660,160640,4845,target_feasible,True,214300,1301,2708,6,1,12916,0,0,0,302,6810,0,0,0,302,6810,e6bbf05446ccafa89082741bd410810e01d43f4e9d3630a8f1bc125376d45863,4c1dc662f9f17d486eccbcfb3291fdaa86bf458426a41154a8de67516deb11e2,4c1dc662f9f17d486eccbcfb3291fdaa86bf458426a41154a8de67516deb11e2,e8cda028060dbca3d7683739af05ac9a8e7c9bb1d8eb82a232c8076050e30e04
38,primitive_q4_knn6,12,4,5,4,deterministic_random,deterministic_random_seed_14494484219824953906,1,5819604823179014387,d79d375055b006ce804355602a5374448ae9b33dbb2c1819c22b63832fe410c2,300000,241333,60184,181149,4977,target_feasible,True,241333,1332,2807,7,1,13089,0,0,0,218,6448,0,0,0,218,6448,d900755d29eaa2756db4975ff4cad54033f87c2f8dae4a636cb653a3cc24563f,8e7192a542fae10dea56228ac4a655a7ebe2f9f061e73142750122844957b54c,8e7192a542fae10dea56228ac4a655a7ebe2f9f061e73142750122844957b54c,43250f82c6f4926b9fc70f986214d1347ecc25ef02304fb03876fcf84d266e5c
39,primitive_q4_knn6,14,1,2,1,stage3_baseline,cartesian_coordinate_gray,0,2329711025693315620,d79d375055b006ce804355602a5374448ae9b33dbb2c1819c22b63832fe410c2,300000,300000,75212,224788,1296,proposal_budget_exhausted,False,,804,1392,6,6,4992,640,1011,5,9,4768,640,1011,5,9,4768,fdc7ac4e2b464b211e5793109c97bb6b8ca885203bd1dcfebda42d5d2cb2e765,6555b19fe2c6e7a67ee3278d630c6c14822540fa3a1dad638063d2a37e9dfdfe,6555b19fe2c6e7a67ee3278d630c6c14822540fa3a1dad638063d2a37e9dfdfe,3b8550ae4574781e3ed7dc84309dc8b7adb67846aeae1a7c2c2a3d5c1a28c6c6
39,primitive_q4_knn6,14,1,2,2,stage3_baseline,cartesian_coordinate_gray,1,9031511131734006233,d79d375055b006ce804355602a5374448ae9b33dbb2c1819c22b63832fe410c2,300000,300000,74866,225134,1081,proposal_budget_exhausted,False,,804,1392,6,6,4992,624,936,5,1,4690,624,936,5,1,4690,fdc7ac4e2b464b211e5793109c97bb6b8ca885203bd1dcfebda42d5d2cb2e765,734b2c823b422600a86c01e08adc00cd0ed8f291c658bc7cea8eab49f436109f,734b2c823b422600a86c01e08adc00cd0ed8f291c658bc7cea8eab49f436109f,4c21ff8342ca511b83363d9826471016dc3f6abe989184303a20c1e5e05a6bc0
39,primitive_q4_knn6,14,1,2,3,deterministic_random,deterministic_random_seed_9538917290112038797,0,11541991525208625129,d79d375055b006ce804355602a5374448ae9b33dbb2c1819c22b63832fe410c2,300000,300000,74715,225285,20019,proposal_budget_exhausted,False,,2172,10825,11,2,15191,1277,4037,9,2,8246,1277,4037,9,2,8246,c2446b76c211cb9b9d75aa7a096f3cfe6cc96a8d8116865cc39ffe9005e9f6e9,140978df12a9fb3d144844c7f497a09789621be3a90eda8a375b4559930f73f7,140978df12a9fb3d144844c7f497a09789621be3a90eda8a375b4559930f73f7,87d6d9a613b1b756531afe4eb69cd11960223dfd35b4fa8eef85edcbf5b90009
39,primitive_q4_knn6,14,1,2,4,deterministic_random,deterministic_random_seed_12167843014793525805,1,1118538797318339965,d79d375055b006ce804355602a5374448ae9b33dbb2c1819c22b63832fe410c2,300000,300000,75005,224995,18993,proposal_budget_exhausted,False,,2171,10887,10,15,15254,1307,4286,9,3,8504,1307,4286,9,3,8504,3309cb730b0ba6c13492f864a6a66c83a65ea4fbda6d154797fd9ee99c676280,65724e0db3113cd8287adb3a63ee82472e97b80fa684aaf7dae91bf6a7b000b7,65724e0db3113cd8287adb3a63ee82472e97b80fa684aaf7dae91bf6a7b000b7,f2e5b3c356fecb3247ff2ede434bc8f6338f0860e59bb91365fb08e301ee9a0d
39,primitive_q4_knn6,14,2,3,1,stage3_baseline,cartesian_coordinate_gray,0,2780302833641936134,d79d375055b006ce804355602a5374448ae9b33dbb2c1819c22b63832fe410c2,300000,300000,75144,224856,551,proposal_budget_exhausted,False,,354,588,5,6,4992,121,140,4,2,4792,121,140,4,2,4792,fdc7ac4e2b464b211e5793109c97bb6b8ca885203bd1dcfebda42d5d2cb2e765,fad543b05163aab78037f41b7f23ac44a5c7d05db24b16e6583d0987e77b6c1e,fad543b05163aab78037f41b7f23ac44a5c7d05db24b16e6583d0987e77b6c1e,108aa324e8073d9d11a9892ef92dc161d8a10d098d4d53dc6d94c45d09dc54e3
39,primitive_q4_knn6,14,2,3,2,stage3_baseline,cartesian_coordinate_gray,1,16496102775317072553,d79d375055b006ce804355602a5374448ae9b33dbb2c1819c22b63832fe410c2,300000,300000,74906,225094,586,proposal_budget_exhausted,False,,354,588,5,6,4992,141,166,4,1,4856,141,166,4,1,4856,fdc7ac4e2b464b211e5793109c97bb6b8ca885203bd1dcfebda42d5d2cb2e765,f0b2835839b15c4f76c8e764c587629dd596668a04ae724df659d0f0c8fa93a8,6564f050313dcda540063013c5f859a66a66c8f719783547e6c299dedd8d19ae,f348860edcd76d31021d80e3099177aabc5cfd2564f1ed9d418c10022d7e38ce
39,primitive_q4_knn6,14,2,3,3,deterministic_random,deterministic_random_seed_16195293625179206522,0,13118970088542368454,d79d375055b006ce804355602a5374448ae9b33dbb2c1819c22b63832fe410c2,300000,300000,74947,225053,9752,proposal_budget_exhausted,False,,2123,8857,11,1,15385,790,1864,8,2,7753,790,1864,8,2,7753,6594bc60c2085ba90e12872ec11c42590bae63be7ae6556ef27d85c5c0a05312,d605b241e85da456689d299c62f5f70069201a830815019bcca324719d0109e3,f37cd5553a694cfbaa15cc7615c1ee4201708db8489c7c326bcad33f8a3a203f,03e4f8ebcc3da5c50790bc4c431a3f937f02101b29997dc3b66054d73a48e2ed
39,primitive_q4_knn6,14,2,3,4,deterministic_random,deterministic_random_seed_2972238956113288517,1,14136886077718515191,d79d375055b006ce804355602a5374448ae9b33dbb2c1819c22b63832fe410c2,300000,300000,75037,224963,9504,proposal_budget_exhausted,False,,2123,8854,10,2,15387,778,1838,8,3,7713,778,1838,8,3,7713,909ac6cad17870003c9f7ea3c93aa724a47755328bffdc26b2ee4d64559a71d4,15744beb2e4af3fea0de189d4f6295fe9b3f8f294688ce79da24f078a134982d,15744beb2e4af3fea0de189d4f6295fe9b3f8f294688ce79da24f078a134982d,975c29c9803035aac9fdaba5af5478d73e26d748a9dc3a6dbdd0b338de2d54c9
39,primitive_q4_knn6,14,3,4,1,stage3_baseline,cartesian_coordinate_gray,0,12980061924036875715,d79d375055b006ce804355602a5374448ae9b33dbb2c1819c22b63832fe410c2,300000,300000,74874,225126,882,proposal_budget_exhausted,False,,144,234,4,6,4992,18,19,2,1,5755,18,19,2,1,5755,fdc7ac4e2b464b211e5793109c97bb6b8ca885203bd1dcfebda42d5d2cb2e765,2dd27c3642366ff27c4ce9b8ba84c2b7e5de0a1c2abad4233c25aef458a4aee2,2dd27c3642366ff27c4ce9b8ba84c2b7e5de0a1c2abad4233c25aef458a4aee2,f1a810bf933fb1abe0b93c5e9b7f45c6bacb7a436fb2e01566ab1c869e6cd752
39,primitive_q4_knn6,14,3,4,2,stage3_baseline,cartesian_coordinate_gray,1,6186035531559705608,d79d375055b006ce804355602a5374448ae9b33dbb2c1819c22b63832fe410c2,300000,300000,75192,224808,790,proposal_budget_exhausted,False,,144,234,4,6,4992,11,11,1,11,5524,11,11,1,11,5524,fdc7ac4e2b464b211e5793109c97bb6b8ca885203bd1dcfebda42d5d2cb2e765,ae060e57f735d0d17b7f491025925eaa12ee5dea6a760af2af721130f5c46f72,ae060e57f735d0d17b7f491025925eaa12ee5dea6a760af2af721130f5c46f72,9c1be358acb15a351773ff7061b1f138dae9a9efbf949e66f0c738a31d723d57
39,primitive_q4_knn6,14,3,4,3,deterministic_random,deterministic_random_seed_2944430050723544868,0,6893554509410718455,d79d375055b006ce804355602a5374448ae9b33dbb2c1819c22b63832fe410c2,300000,300000,74488,225512,4701,proposal_budget_exhausted,False,,1995,6767,9,1,15438,265,435,5,2,7837,265,435,5,2,7837,2e2aa13abeee97acc46d928720c4c39f5c8e1117ad4e93be1778d5a15f1d78ef,a52b50d45342a7497317e80188206640c3297bf3def8d8457da9480db74ea6b9,a52b50d45342a7497317e80188206640c3297bf3def8d8457da9480db74ea6b9,4cbdebe693df4f889c59aa9bfbb33dae9240bd3fb75ebffa6af633b8780fb43b
39,primitive_q4_knn6,14,3,4,4,deterministic_random,deterministic_random_seed_16925546697628708230,1,7668337286323503917,d79d375055b006ce804355602a5374448ae9b33dbb2c1819c22b63832fe410c2,300000,300000,74992,225008,4676,proposal_budget_exhausted,False,,1994,6497,9,1,15162,252,437,6,1,7834,252,437,6,1,7834,3f769dba92727368e298cc123e6cd20d9f37f3abae57d93e8c2ccd800af290e6,ce79762e39104981d91e006d4ff80b08bf872ddf282276a7281fcd591830a1ae,70cd17e998ce8039c6f5ac7ef863b473e86d0c9c1e64c8fbd22227a0b99a22d2,9ec7d387f0b782d0fe3e3156366bf4bcaf3c3f7b75e40b44fe42d63979478b64
39,primitive_q4_knn6,14,4,5,1,stage3_baseline,cartesian_coordinate_gray,0,8799604673934349969,d79d375055b006ce804355602a5374448ae9b33dbb2c1819c22b63832fe410c2,300000,245887,61320,184567,1866,target_feasible,True,245887,60,90,3,6,4992,0,0,0,326,6954,0,0,0,326,6954,fdc7ac4e2b464b211e5793109c97bb6b8ca885203bd1dcfebda42d5d2cb2e765,96daa92ead0a4c6c175d58904a8e1baa730520b1560fa29053b0f8dd850db8f9,96daa92ead0a4c6c175d58904a8e1baa730520b1560fa29053b0f8dd850db8f9,18261c70cb1aa6f94f812a021e57edc06db36f8208a49d014cdeab5fb5173eaa
39,primitive_q4_knn6,14,4,5,2,stage3_baseline,cartesian_coordinate_gray,1,13511045489317401119,d79d375055b006ce804355602a5374448ae9b33dbb2c1819c22b63832fe410c2,300000,300000,74984,225016,1834,proposal_budget_exhausted,False,,60,90,3,6,4992,1,1,1,1,6602,1,1,1,1,6602,fdc7ac4e2b464b211e5793109c97bb6b8ca885203bd1dcfebda42d5d2cb2e765,6db69b8e13498fc05158ac7532c6a94a374b355aa4bb39f6e88a1862ede4433e,6db69b8e13498fc05158ac7532c6a94a374b355aa4bb39f6e88a1862ede4433e,a0620f2f60233b937bc8042a5dba086d7b4b1ec342375dfd70b4a4f873bd25e9
39,primitive_q4_knn6,14,4,5,3,deterministic_random,deterministic_random_seed_13531044774336898768,0,12746542206809317973,d79d375055b006ce804355602a5374448ae9b33dbb2c1819c22b63832fe410c2,300000,300000,75058,224942,3838,proposal_budget_exhausted,False,,1725,4586,7,20,15232,32,36,3,2,7935,32,36,3,2,7935,7962699561ee4ae3e0d5ba6ec3f9a72b0214c1b0f6d9562d190db66bb584da17,6691909bfe672d7f2c07639daa8bef2e782e3e7c1e4376b5a5779bf3f85e4a3f,fdccdb179c9d3129511678bf6e6c1f3db5829ab8411d860378fa345e00adc8e0,2f0d95c6dfc3da0990e5d37d3fa1f277d144f9ef139a6dce8fbb1660d89d986f
39,primitive_q4_knn6,14,4,5,4,deterministic_random,deterministic_random_seed_10815298536863318346,1,13700818421870394429,d79d375055b006ce804355602a5374448ae9b33dbb2c1819c22b63832fe410c2,300000,300000,75070,224930,3791,proposal_budget_exhausted,False,,1716,4667,8,4,15301,35,38,2,3,7991,35,38,2,3,7991,03ae924925ca17558687b3ccd699525876ee3b460c0d77c68a0c9a7161225897,359b6e0d9ba1ec6b21c244b626c45ab0006d9916bb480e232734a894c1d34463,359b6e0d9ba1ec6b21c244b626c45ab0006d9916bb480e232734a894c1d34463,0a69169da603844653e1240777358514da32b40997922cd9746aba0ed4e68152
40,primitive_q4_knn8,10,1,2,1,stage3_baseline,canonical_index_gray,0,11554637923492355268,d79d375055b006ce804355602a5374448ae9b33dbb2c1819c22b63832fe410c2,300000,300000,74854,225146,3203,proposal_budget_exhausted,False,,2011,4481,7,1,9564,804,1353,6,2,6326,804,1353,6,2,6326,37c0544f7a83318b11d6a3547d8ac614e12eec73c42c50c74fa21a440e3dddd3,651b655f5b4a5bbc23882cd51edcb240796be2303a6a4cc734e74c3b6b6ebc77,651b655f5b4a5bbc23882cd51edcb240796be2303a6a4cc734e74c3b6b6ebc77,4b00a2ee63727f84ed584ec73d2b83283e81507fde3d111ba6a46b1992801ee7
40,primitive_q4_knn8,10,1,2,2,stage3_baseline,canonical_index_gray,1,530946146583216510,d79d375055b006ce804355602a5374448ae9b33dbb2c1819c22b63832fe410c2,300000,300000,74717,225283,3381,proposal_budget_exhausted,False,,2011,4481,7,1,9564,773,1292,6,1,6277,773,1292,6,1,6277,37c0544f7a83318b11d6a3547d8ac614e12eec73c42c50c74fa21a440e3dddd3,5625e631e5edc2e01fcb3dc27716d50964ed0165497e338a0f1376d4665263ba,a501e4ada3b7d05746c0b686d2a63133e2dc8e680ebd646899786c73fc7701f1,72c821ca07af65e365d14747a8fd6d5dac5af6065ffa68bad6dad6aca9c8c713
40,primitive_q4_knn8,10,1,2,3,deterministic_random,deterministic_random_seed_15576349080139605884,0,15800509442993439349,d79d375055b006ce804355602a5374448ae9b33dbb2c1819c22b63832fe410c2,300000,300000,75174,224826,4929,proposal_budget_exhausted,False,,2594,8223,8,2,13670,808,1466,7,2,6479,808,1466,7,2,6479,1106c0237373f20f170423b5c7953505594715f13b3a2fa9306e0e9e7efdb166,f87155b2f8730b74714379c0488b89f259d36d78b459d454912b74d1ffb00fe7,f87155b2f8730b74714379c0488b89f259d36d78b459d454912b74d1ffb00fe7,59774ed9cd04623fbcd90fcdccd0c6eeb60daaf135f4c8d8074f71967e7c13b9
40,primitive_q4_knn8,10,1,2,4,deterministic_random,deterministic_random_seed_9907223605285253685,1,17710325781605302330,d79d375055b006ce804355602a5374448ae9b33dbb2c1819c22b63832fe410c2,300000,300000,74974,225026,4886,proposal_budget_exhausted,False,,2577,8238,8,1,13680,831,1358,5,5,6369,831,1358,5,5,6369,9ffe032b7ad9d34092faed6b12dc30425e1b19bfb34fbc3fc906af63bf70dae1,968401d612c6ceac71942c82869793f9f2bd19b868c9fce8d61c22fafb8d141d,968401d612c6ceac71942c82869793f9f2bd19b868c9fce8d61c22fafb8d141d,915bfc02116fbdebcf6e8a84bc137b40cd8ae5bf153ab13ad321de7cf0ddca50
40,primitive_q4_knn8,10,2,3,1,stage3_baseline,canonical_index_gray,0,10980122032829891325,d79d375055b006ce804355602a5374448ae9b33dbb2c1819c22b63832fe410c2,300000,300000,74908,225092,2246,proposal_budget_exhausted,False,,1362,2470,6,1,9564,146,157,3,1,6275,146,157,3,1,6275,37c0544f7a83318b11d6a3547d8ac614e12eec73c42c50c74fa21a440e3dddd3,8b70cec0ede7498dc2e6c99f146901a4dc40476bfd90bfb4b22be7a6c8425c67,8b70cec0ede7498dc2e6c99f146901a4dc40476bfd90bfb4b22be7a6c8425c67,d5597e682bc9b28042f3b95a89aadeb23061ae8d1a092d5dbb6abfc30fac4d1a
40,primitive_q4_knn8,10,2,3,2,stage3_baseline,canonical_index_gray,1,3788520841507360739,d79d375055b006ce804355602a5374448ae9b33dbb2c1819c22b63832fe410c2,300000,300000,75015,224985,2252,proposal_budget_exhausted,False,,1362,2470,6,1,9564,131,143,3,1,6189,131,143,3,1,6189,37c0544f7a83318b11d6a3547d8ac614e12eec73c42c50c74fa21a440e3dddd3,6ac3388265d48429b1f6a034eb7085df800361eaa0bb0c2c00f25b87b54179ed,6ac3388265d48429b1f6a034eb7085df800361eaa0bb0c2c00f25b87b54179ed,2ea76747aa2ffbf30d0d9c745d2140a5a55d246565bf9eaf963c7690d2cf2ab5
40,primitive_q4_knn8,10,2,3,3,deterministic_random,deterministic_random_seed_9542643181433286749,0,9280273064224496317,d79d375055b006ce804355602a5374448ae9b33dbb2c1819c22b63832fe410c2,300000,300000,74747,225253,3499,proposal_budget_exhausted,False,,2259,5704,7,2,13733,135,155,3,3,6215,135,155,3,3,6215,bdcab50ac6d7af8e6c679f523833707838635e411ac6f605847beebec1dd0252,9963990e332d8a2fed7c5a44b19ad142681848b84452fd692cf3577b4755c54a,9963990e332d8a2fed7c5a44b19ad142681848b84452fd692cf3577b4755c54a,7b7c215053d6323febed854405f066e752c66493486c53127929d1fab138c485
40,primitive_q4_knn8,10,2,3,4,deterministic_random,deterministic_random_seed_1646273269834508108,1,8792903200744923203,d79d375055b006ce804355602a5374448ae9b33dbb2c1819c22b63832fe410c2,300000,300000,75126,224874,3350,proposal_budget_exhausted,False,,2279,5708,7,1,13751,121,131,3,1,6158,121,131,3,1,6158,1f51c809639cc438bb0fc2164b7dfdb9bb7e46a0b86daa43577247bc0d31592a,4cdb5ff79b0a97a94e29d00f927a56fcf1b8518cac0cb59d5c9b53f059c30c17,7e932fc80d9b7f09404df3f3ad2691c2a829ef763aff4be40dd198a941e7e0d0,28ab29e7afb5ed1f3114f2c05dbff9a4461c1e5dfa9f974f7ed31b493dccb068
40,primitive_q4_knn8,10,3,4,1,stage3_baseline,canonical_index_gray,0,14876450298403675881,d79d375055b006ce804355602a5374448ae9b33dbb2c1819c22b63832fe410c2,300000,300000,74662,225338,3177,proposal_budget_exhausted,False,,741,1108,5,1,9564,1,1,1,1,6260,1,1,1,1,6260,37c0544f7a83318b11d6a3547d8ac614e12eec73c42c50c74fa21a440e3dddd3,679d14d3ad757a4f9fff977ef325c71a135c7a54c6f219828bba4021f06f9f99,679d14d3ad757a4f9fff977ef325c71a135c7a54c6f219828bba4021f06f9f99,fb36326091c543568b16021a62ad37f4a84201564f1f6611aff1b7b887646d45
40,primitive_q4_knn8,10,3,4,2,stage3_baseline,canonical_index_gray,1,14996302159918951517,d79d375055b006ce804355602a5374448ae9b33dbb2c1819c22b63832fe410c2,300000,271293,67946,203347,3160,target_feasible,True,271293,741,1108,5,1,9564,0,0,0,340,6305,0,0,0,340,6305,37c0544f7a83318b11d6a3547d8ac614e12eec73c42c50c74fa21a440e3dddd3,90a2a2409ac7a114c32dc4d955ecb81b170753a228a39267594601e8f226c846,90a2a2409ac7a114c32dc4d955ecb81b170753a228a39267594601e8f226c846,e639722674ccf8e92a8a705f9915db1c8e1a9b3eeea9b529e72198db8002f596
40,primitive_q4_knn8,10,3,4,3,deterministic_random,deterministic_random_seed_9805645552917716594,0,11460563712070842248,d79d375055b006ce804355602a5374448ae9b33dbb2c1819c22b63832fe410c2,300000,239901,60287,179614,4024,target_feasible,True,239901,1716,3375,6,1,13663,0,0,0,426,6671,0,0,0,426,6671,ff915592486c0593e8e58e6630cbc38369e03fff4f0f36720903ba0ae13b7473,26de7e4b68a572d868bcd637e8f6ed30de745b39f2a745723e08596fb8d35997,26de7e4b68a572d868bcd637e8f6ed30de745b39f2a745723e08596fb8d35997,1b86fabb7383494586e72f62e36c7486182be5ed72b06e83710442ff86ec96b3
40,primitive_q4_knn8,10,3,4,4,deterministic_random,deterministic_random_seed_6214173096157674584,1,5414341145037783483,d79d375055b006ce804355602a5374448ae9b33dbb2c1819c22b63832fe410c2,300000,269302,67238,202064,4055,target_feasible,True,269302,1673,3307,6,3,13591,0,0,0,366,6447,0,0,0,366,6447,d2874a1a87fc521823b9311beccfa3a3126b4f7f4bbdbc99f950e32e358a1aca,426b219f05fdac3eeab3207244d6875231842669c8482376d2e29f3e26ac97b5,426b219f05fdac3eeab3207244d6875231842669c8482376d2e29f3e26ac97b5,0dac33708a326f25b1ea2d74d598db085ac58a9a3fc801a9559a509a972cad91
41,primitive_q4_knn8,11,1,2,1,stage3_baseline,canonical_index_gray,0,8827304404258279913,d79d375055b006ce804355602a5374448ae9b33dbb2c1819c22b63832fe410c2,300000,300000,75326,224674,4371,proposal_budget_exhausted,False,,2011,4481,7,1,9564,1024,1940,6,4,7023,1024,1940,6,4,7023,b32110d89b0d3f304b4cd737acaa42a278ca3b6ec90fc4e4634a2e4f325ca8e4,a4bc3098364cbb7e8d1568a853e746b14a06512fcc6303df098b6ccc206ed83d,a4bc3098364cbb7e8d1568a853e746b14a06512fcc6303df098b6ccc206ed83d,910bc7052e6b73a035c406698540e9ccfb81065934a3fe67b8eb1c3d8f360d98
41,primitive_q4_knn8,11,1,2,2,stage3_baseline,canonical_index_gray,1,9632067041694177374,d79d375055b006ce804355602a5374448ae9b33dbb2c1819c22b63832fe410c2,300000,300000,75082,224918,4175,proposal_budget_exhausted,False,,2011,4481,7,1,9564,992,1912,6,4,6996,992,1912,6,4,6996,b32110d89b0d3f304b4cd737acaa42a278ca3b6ec90fc4e4634a2e4f325ca8e4,a71429d7efca03353df0ce62bf11cffe96797689114ee9f9b624492ab3a976a8,20f3610167e05aa433ff16e4e33d63317a41547d27e0cb4d8b9bfac2bf6b193f,bd3e01170b75c244046a360e3209da4d7403e0728fb27bf381e423015055b876
41,primitive_q4_knn8,11,1,2,3,deterministic_random,deterministic_random_seed_1486138626673530913,0,16954073507805214424,d79d375055b006ce804355602a5374448ae9b33dbb2c1819c22b63832fe410c2,300000,300000,75088,224912,6769,proposal_budget_exhausted,False,,2648,9670,9,4,15126,1066,2304,8,1,7451,1066,2304,8,1,7451,d033a6e3475b56127e6c525e3b9722086444bd52793f8af09d9c4d5b57bef5fe,134ecbd01cacd922b9b9ad62c069157ca0fe466142850da35e521b7f2fb89569,134ecbd01cacd922b9b9ad62c069157ca0fe466142850da35e521b7f2fb89569,92a8219fafc200a39eef21a574ef1d2bb6db3a8368c0229ea13f3332a71da3e0
41,primitive_q4_knn8,11,1,2,4,deterministic_random,deterministic_random_seed_15612515298572452255,1,2051295160739202814,d79d375055b006ce804355602a5374448ae9b33dbb2c1819c22b63832fe410c2,300000,300000,74872,225128,6525,proposal_budget_exhausted,False,,2639,9675,9,1,15129,1026,2083,6,9,7240,1026,2083,6,9,7240,7c879eab6a5c2a8e7ed0206aca44ee2a423e744307a58f320f864a0ddbba6522,abe5ce55b7ef2f2e66cd341b377393800ac324928188f5dd6de52bbe6e92918e,5303d7cf94d5283fc4329f626750be63c8a29870df198d066fd4b2dfb4cdbfae,b16f58aeae853298253ad3043c4c50c5dc2256d2a1f549c1f4b89bcdd64742a7
41,primitive_q4_knn8,11,2,3,1,stage3_baseline,canonical_index_gray,0,8238670316299923903,d79d375055b006ce804355602a5374448ae9b33dbb2c1819c22b63832fe410c2,300000,300000,74894,225106,1894,proposal_budget_exhausted,False,,1362,2470,6,1,9564,298,389,3,18,6838,298,389,3,18,6838,b32110d89b0d3f304b4cd737acaa42a278ca3b6ec90fc4e4634a2e4f325ca8e4,a5e11e0d8ba892c874027c7462c158e10d6be8ff1f974ef9c21ea9ac31533464,a5e11e0d8ba892c874027c7462c158e10d6be8ff1f974ef9c21ea9ac31533464,28ab310dfe28867c4d1244cddb574058ea7413b4509fe645b2d5b7ec6359aed9
41,primitive_q4_knn8,11,2,3,2,stage3_baseline,canonical_index_gray,1,8394502383740468252,d79d375055b006ce804355602a5374448ae9b33dbb2c1819c22b63832fe410c2,300000,300000,75445,224555,1783,proposal_budget_exhausted,False,,1362,2470,6,1,9564,273,342,4,3,6716,273,342,4,3,6716,b32110d89b0d3f304b4cd737acaa42a278ca3b6ec90fc4e4634a2e4f325ca8e4,6231994b42c6efc9b16279b40e11b93207b14d35318efad1d762c26e10a550a2,6231994b42c6efc9b16279b40e11b93207b14d35318efad1d762c26e10a550a2,87c82fa8e77aee7b5888fe953298d28d5f84538e76251592a1c28730f9c90265
41,primitive_q4_knn8,11,2,3,3,deterministic_random,deterministic_random_seed_5058743014058873214,0,842001608229799104,d79d375055b006ce804355602a5374448ae9b33dbb2c1819c22b63832fe410c2,300000,300000,75471,224529,3540,proposal_budget_exhausted,False,,2413,6972,7,15,15094,315,396,3,8,6892,315,396,3,8,6892,b26d30cedd2d056b717103061de8d16c80ebabf6e10144b1045b2fe00c5721e3,6f347bda520420757871056d65abcce46847799253ea55b0cc146ede25cdd58f,6f347bda520420757871056d65abcce46847799253ea55b0cc146ede25cdd58f,daa8046d56d35f500f97356bf2a1301dc1564a00d48639cc0072e0382d025c0b
41,primitive_q4_knn8,11,2,3,4,deterministic_random,deterministic_random_seed_18368117511631328652,1,12337277453555401452,d79d375055b006ce804355602a5374448ae9b33dbb2c1819c22b63832fe410c2,300000,300000,74928,225072,3721,proposal_budget_exhausted,False,,2431,7051,8,1,15159,274,362,5,1,6720,274,362,5,1,6720,db3ffd4e1ec10fa72e801246e2e654710098703be974ac0346eada1682fef09e,dffde4162bb55c0917dc463dc3b8906e28c1f60c3acfe2c32f325ad1389a16a8,dffde4162bb55c0917dc463dc3b8906e28c1f60c3acfe2c32f325ad1389a16a8,7e8684dfefe138c00bd19cf06ac156ccca234b81abd28480062623133e08d6c8
41,primitive_q4_knn8,11,3,4,1,stage3_baseline,canonical_index_gray,0,8110899037189620726,d79d375055b006ce804355602a5374448ae9b33dbb2c1819c22b63832fe410c2,300000,300000,74743,225257,2129,proposal_budget_exhausted,False,,741,1108,5,1,9564,10,10,1,10,7045,10,10,1,10,7045,b32110d89b0d3f304b4cd737acaa42a278ca3b6ec90fc4e4634a2e4f325ca8e4,7c31dbb189a084fc966746ab842a9ca8d4ce34626b2eff4de0da3f8c77b709c6,7c31dbb189a084fc966746ab842a9ca8d4ce34626b2eff4de0da3f8c77b709c6,7923d7f0626f1eee001ba2c62e91aa805143e23d838078d918573b12d895df8e
41,primitive_q4_knn8,11,3,4,2,stage3_baseline,canonical_index_gray,1,11029143486569774217,d79d375055b006ce804355602a5374448ae9b33dbb2c1819c22b63832fe410c2,300000,300000,74933,225067,2050,proposal_budget_exhausted,False,,741,1108,5,1,9564,12,12,1,12,7202,12,12,1,12,7202,b32110d89b0d3f304b4cd737acaa42a278ca3b6ec90fc4e4634a2e4f325ca8e4,4c3562b167f2f4b7ebc0a7cade5d3d2107c9fed775327b01a6f4adf1426f21ec,4c3562b167f2f4b7ebc0a7cade5d3d2107c9fed775327b01a6f4adf1426f21ec,d554c9550d46c71bed61e811a1514573dc3dc230e8c9873ae3cec34116fce9be
41,primitive_q4_knn8,11,3,4,3,deterministic_random,deterministic_random_seed_16739090521491162664,0,1573750392445303112,d79d375055b006ce804355602a5374448ae9b33dbb2c1819c22b63832fe410c2,300000,300000,75225,224775,3473,proposal_budget_exhausted,False,,1995,4591,7,1,15153,3,3,1,3,7082,3,3,1,3,7082,cfe27797427729d3fe69faab609415d92dfeef8d132cb96383a1b90db42c3c41,af2e137d5884a0938cad2329509d528c214c4e6ae96686c15f392f137c39d394,14440aa943c9c0533e2fea70e362382891abcdeb3a1aa40d282ab3b173a49f6f,01c38036f3d87b367d078cdd4569250f039c9620afe02e5216abcb861e7097ed
41,primitive_q4_knn8,11,3,4,4,deterministic_random,deterministic_random_seed_5014559832553016052,1,12562109966798272768,d79d375055b006ce804355602a5374448ae9b33dbb2c1819c22b63832fe410c2,300000,300000,75383,224617,3512,proposal_budget_exhausted,False,,1987,4597,6,18,15122,5,5,1,5,6942,5,5,1,5,6942,e2ed96d4fdd766bc4215855d186349281988e1d5ac97debdd0116b871ff73a0c,10d888498be64fd76ac71df9ec1a76a2660c8c6f77788a46d0d54193ef070639,43243936504eb1a8274a474fc12c2c2a4f29561304122116585e318a0323bad7,d26e37d56c49d2cbdb7bfb61c0a6c22d9cfc62ae8b7bb966e624300221d05eca
41,primitive_q4_knn8,11,4,5,1,stage3_baseline,canonical_index_gray,0,3578209885683592216,d79d375055b006ce804355602a5374448ae9b33dbb2c1819c22b63832fe410c2,300000,214340,53530,160810,4044,target_feasible,True,214340,289,367,4,1,9564,0,0,0,159,7551,0,0,0,159,7551,b32110d89b0d3f304b4cd737acaa42a278ca3b6ec90fc4e4634a2e4f325ca8e4,29b4f5745fcffaeea4a349ffa6a66b09d50eaa64a582b683132db9fce93190bc,29b4f5745fcffaeea4a349ffa6a66b09d50eaa64a582b683132db9fce93190bc,66dcec31911380b2266d66ddfe6ca3fdf4a190e047c6841b8ea08d4d86d19b89
41,primitive_q4_knn8,11,4,5,2,stage3_baseline,canonical_index_gray,1,4603871732529626332,d79d375055b006ce804355602a5374448ae9b33dbb2c1819c22b63832fe410c2,300000,191512,48072,143440,3837,target_feasible,True,191512,289,367,4,1,9564,0,0,0,205,7860,0,0,0,205,7860,b32110d89b0d3f304b4cd737acaa42a278ca3b6ec90fc4e4634a2e4f325ca8e4,fabf3b5a0f9786da601330ee2186ac48d58c1231ea7dff646b2c3bcfe3f5048a,fabf3b5a0f9786da601330ee2186ac48d58c1231ea7dff646b2c3bcfe3f5048a,e3b53c8896a3a885667cac438b1cc53e824d835ec8fdd7aac217ab041bd0d844
41,primitive_q4_knn8,11,4,5,3,deterministic_random,deterministic_random_seed_11805531623883745479,0,955234370802877216,d79d375055b006ce804355602a5374448ae9b33dbb2c1819c22b63832fe410c2,300000,206425,51805,154620,5122,target_feasible,True,206425,1351,2507,5,14,15067,0,0,0,237,7971,0,0,0,237,7971,3b98567a2eb0d88529ba0225fbac00fdfa905c7f91f666e4a10a2b9763a76494,ec92ea94b224f06f3bebc0de8f0150d0102425f0babafb82b6575c31f2e37141,ec92ea94b224f06f3bebc0de8f0150d0102425f0babafb82b6575c31f2e37141,01b41f0c2da56be713bf8dd02a8b76f60a0c1917692ac40b93a976f7a3364d2f
41,primitive_q4_knn8,11,4,5,4,deterministic_random,deterministic_random_seed_229867780173214656,1,17924882577377337114,d79d375055b006ce804355602a5374448ae9b33dbb2c1819c22b63832fe410c2,300000,196838,49357,147481,5211,target_feasible,True,196838,1347,2533,6,3,15057,0,0,0,217,7797,0,0,0,217,7797,4f17ff08698d12065a36aa2e034139cff15c18d2d49a582f4f56e4f7222932a8,994b5392016a22bac822aa4192a4752d2946ec250f384a72faefe4224771be3d,994b5392016a22bac822aa4192a4752d2946ec250f384a72faefe4224771be3d,5cc16a5a4d9384a55a2faf1baadd150cdc55eddad856b73a0d6de70a450f863d
42,primitive_q4_knn8,12,1,2,1,stage3_baseline,cartesian_coordinate_gray,0,6793416767039593700,d79d375055b006ce804355602a5374448ae9b33dbb2c1819c22b63832fe410c2,300000,300000,75245,224755,635,proposal_budget_exhausted,False,,972,1872,6,6,6408,697,936,4,3,5552,697,936,4,3,5552,5927e1694304f078a9040c212788093b9fdcb69f40d7d68d6a9bb53a493eb099,45c3afbf5fbb9b2785a6a39b6c8b9246760c5959304d6531bf59c2ea25359af1,56f95396c540a3e3bc225a0daf1de66eb70c43690d230f1e1efcb4e07fa096b6,7e7c30ac1c825bbc5cf3011b168711407de15109c04000e48b8003e353735b4d
42,primitive_q4_knn8,12,1,2,2,stage3_baseline,cartesian_coordinate_gray,1,9981628230602561749,d79d375055b006ce804355602a5374448ae9b33dbb2c1819c22b63832fe410c2,300000,300000,74749,225251,637,proposal_budget_exhausted,False,,972,1872,6,6,6408,718,988,4,6,5596,718,988,4,6,5596,5927e1694304f078a9040c212788093b9fdcb69f40d7d68d6a9bb53a493eb099,d11d1ee07b2d297d8b534ae982197821956acb2970960ce12f5a29a5ebd3e5a1,d11d1ee07b2d297d8b534ae982197821956acb2970960ce12f5a29a5ebd3e5a1,33bee6b13522cf7d032d708c68b0163ccfafcd6d7d061f5ec38d9554e62fe340
42,primitive_q4_knn8,12,1,2,3,deterministic_random,deterministic_random_seed_14783137236947584733,0,13840159297759955049,d79d375055b006ce804355602a5374448ae9b33dbb2c1819c22b63832fe410c2,300000,300000,75114,224886,9791,proposal_budget_exhausted,False,,2682,11071,9,6,16534,1310,3306,8,1,8488,1310,3306,8,1,8488,034ecc48098129fb0a9f094d488be1fb893b76b4ffc867863bb47c5de30a09dd,0be961f6f0a5a5febec31c97134d0b8de8a084a9c1cbd775799466678ddf69c7,0be961f6f0a5a5febec31c97134d0b8de8a084a9c1cbd775799466678ddf69c7,a6d9ccbd6d7e85c3f927279578e24c118ccf02e7a3f68ad6891652d1831ac4ce
42,primitive_q4_knn8,12,1,2,4,deterministic_random,deterministic_random_seed_14651502462945650613,1,12996345037466040659,d79d375055b006ce804355602a5374448ae9b33dbb2c1819c22b63832fe410c2,300000,300000,75191,224809,9522,proposal_budget_exhausted,False,,2684,10870,10,1,16336,1269,3214,8,1,8366,1269,3214,8,1,8366,be20fa0ab23fb256eccc14682c4fd716dfb903bc49b79dbfed904c25611ca9e6,ea002acb91744b84e17e7ef74bb07ff40fa69df09c2d82371db9e5cac4cd8a8f,ea002acb91744b84e17e7ef74bb07ff40fa69df09c2d82371db9e5cac4cd8a8f,37f81d8aaee11ed579dc0f2b45cc2450051b37a9db7ab3244504dc860cd31799
42,primitive_q4_knn8,12,2,3,1,stage3_baseline,cartesian_coordinate_gray,0,10339285704439609285,d79d375055b006ce804355602a5374448ae9b33dbb2c1819c22b63832fe410c2,300000,300000,74838,225162,627,proposal_budget_exhausted,False,,522,900,5,6,6408,152,174,3,2,5987,152,174,3,2,5987,5927e1694304f078a9040c212788093b9fdcb69f40d7d68d6a9bb53a493eb099,b5baee6dc20d5be3c0966fd9109011c19406f9b9b77895ef29b3a17c27b05fe2,b5baee6dc20d5be3c0966fd9109011c19406f9b9b77895ef29b3a17c27b05fe2,7ed0c4445c857837c0b57f1fa307f6df9769062af032e17c84cd653ff4d62630
42,primitive_q4_knn8,12,2,3,2,stage3_baseline,cartesian_coordinate_gray,1,10868170640271440608,d79d375055b006ce804355602a5374448ae9b33dbb2c1819c22b63832fe410c2,300000,300000,75118,224882,627,proposal_budget_exhausted,False,,522,900,5,6,6408,155,170,3,1,6061,155,170,3,1,6061,5927e1694304f078a9040c212788093b9fdcb69f40d7d68d6a9bb53a493eb099,f3ca342f5258e6456f9e4ea21d7c8d6597fa207ec348348ca60da2ebb1b119b7,cc3d819c43377c2ab783e191b50f115cfd980c59a35ec2679d513c292a3f45ce,479d1b38cd48090dff7fc7464eafb68da1c1188a08c8802e3deda6872a44d221
42,primitive_q4_knn8,12,2,3,3,deterministic_random,deterministic_random_seed_8665592198869394990,0,14317436158067610751,d79d375055b006ce804355602a5374448ae9b33dbb2c1819c22b63832fe410c2,300000,300000,75020,224980,4122,proposal_budget_exhausted,False,,2535,8346,8,13,16487,489,731,5,2,7561,489,731,5,2,7561,5f5fb7117c40abe78262264ef0a4755533a0483672fd2fdc320e9867276e3662,9e6a8fa386898aca3d8712a451a5010f043139a4d79ddb062bf16d48e8b7d0a6,f5490441c34ed2f3550914c30bc60a0ace784e05e1593122d8b6a7eab4efd322,ea3e0ec3090e1e182c5fe3d0f798c0a8cfba61b0552420426df64abb80297d19
42,primitive_q4_knn8,12,2,3,4,deterministic_random,deterministic_random_seed_12391338866625676938,1,6004494952858141181,d79d375055b006ce804355602a5374448ae9b33dbb2c1819c22b63832fe410c2,300000,300000,75484,224516,4466,proposal_budget_exhausted,False,,2521,8184,9,1,16325,551,856,6,1,7701,551,856,6,1,7701,b9f80d85b2838c36a7eee4da6f906cd30515da115e8aa0fd33fd4cb776d68465,191d5c4a5500a4c9a7b656069bc5d0857538b4a25150455c19ab243b000b577e,191d5c4a5500a4c9a7b656069bc5d0857538b4a25150455c19ab243b000b577e,7f090e134a44a18592c45a24a3b80cfcd467cc155c81f3c084e51d691d3b6a09
42,primitive_q4_knn8,12,3,4,1,stage3_baseline,cartesian_coordinate_gray,0,369333073837351919,d79d375055b006ce804355602a5374448ae9b33dbb2c1819c22b63832fe410c2,300000,300000,75273,224727,1084,proposal_budget_exhausted,False,,264,378,4,6,6408,5,5,1,5,6715,5,5,1,5,6715,5927e1694304f078a9040c212788093b9fdcb69f40d7d68d6a9bb53a493eb099,041cc9cde6eabbd78562dbfbf718282953bbc601dfe9fcbc463c8ae964f0a33d,70144ee5b7a9668ab86b5831290ef2079dc189149792b2e54200158a7be9b376,2281b8bf007f75cd2a4d4402b3a37506ee0c0fbb96a0dbb76b7bf7904014f889
42,primitive_q4_knn8,12,3,4,2,stage3_baseline,cartesian_coordinate_gray,1,5471209190757394859,d79d375055b006ce804355602a5374448ae9b33dbb2c1819c22b63832fe410c2,300000,300000,74651,225349,1179,proposal_budget_exhausted,False,,264,378,4,6,6408,7,7,1,7,6716,7,7,1,7,6716,5927e1694304f078a9040c212788093b9fdcb69f40d7d68d6a9bb53a493eb099,b174ccfdd7773b85badfc02fc7f4cc5742358639328e2866c800c44c4f385537,1fb7310493bbf2e2612fbacba1c60f7b60b03f6618cdc2d401bf153a4af718c3,8d32155ef5c2f2d3e622ec9c3966f99a42d60497c58feb9cb6a51ba8e66e1dc0
42,primitive_q4_knn8,12,3,4,3,deterministic_random,deterministic_random_seed_5156754932879480619,0,6994539675658785280,d79d375055b006ce804355602a5374448ae9b33dbb2c1819c22b63832fe410c2,300000,300000,75035,224965,3378,proposal_budget_exhausted,False,,2204,5721,8,1,16391,45,55,2,10,7969,45,55,2,10,7969,c972a5f5bab29412924298f8244abcf926fc9cf460dfa9085b1c3ef78b641e8f,1f9c4ee1be2481427f63a6e341e895ff5559f75d22090f6411281d3bfa7ff37b,1f9c4ee1be2481427f63a6e341e895ff5559f75d22090f6411281d3bfa7ff37b,96916e388b41fdc6850e872a2147219413e3079b4823cbe4942d373b3981cdd8
42,primitive_q4_knn8,12,3,4,4,deterministic_random,deterministic_random_seed_18218572024506735377,1,3839153605969570033,d79d375055b006ce804355602a5374448ae9b33dbb2c1819c22b63832fe410c2,300000,300000,75175,224825,3389,proposal_budget_exhausted,False,,2226,5663,7,1,16370,37,41,2,4,7854,37,41,2,4,7854,490cf1303735ce33291fde93864255a744d27018fdcde6e91b183e3e85385fd9,c4d67a972d5972547c29f415a52e4296b264dadbbb0516ab35f452b605f23423,c4d67a972d5972547c29f415a52e4296b264dadbbb0516ab35f452b605f23423,dc768b5e2e69bf475d20cc5b4976953a4cac653326bd18fe0bea99deaf9ec90c
42,primitive_q4_knn8,12,4,5,1,stage3_baseline,cartesian_coordinate_gray,0,826134810020149450,d79d375055b006ce804355602a5374448ae9b33dbb2c1819c22b63832fe410c2,300000,232362,57824,174538,2647,target_feasible,True,232362,84,114,3,6,6408,0,0,0,231,7823,0,0,0,231,7823,5927e1694304f078a9040c212788093b9fdcb69f40d7d68d6a9bb53a493eb099,1ba82b9274f7370b41fddf589f98f9f25c6dadfc7ce99d6cce185c39ecf99cc5,1ba82b9274f7370b41fddf589f98f9f25c6dadfc7ce99d6cce185c39ecf99cc5,2b6046c5e38c233bb6a6f5ab42a40cd28c37d9b12d2e3b5d47d54407e3223a23
42,primitive_q4_knn8,12,4,5,2,stage3_baseline,cartesian_coordinate_gray,1,9509181904947562137,d79d375055b006ce804355602a5374448ae9b33dbb2c1819c22b63832fe410c2,300000,238201,59478,178723,2810,target_feasible,True,238201,84,114,3,6,6408,0,0,0,210,7783,0,0,0,210,7783,5927e1694304f078a9040c212788093b9fdcb69f40d7d68d6a9bb53a493eb099,f09fb8fcdeaae7e4570dbe2cfae96d0b3d96d7d51a04804156bd5e9d92042f85,f09fb8fcdeaae7e4570dbe2cfae96d0b3d96d7d51a04804156bd5e9d92042f85,fdcd666a62ce309002875f23d7a6d7297bca724c87d168066eda009ffd01435c
42,primitive_q4_knn8,12,4,5,3,deterministic_random,deterministic_random_seed_12377628636369191977,0,9406400349334525714,d79d375055b006ce804355602a5374448ae9b33dbb2c1819c22b63832fe410c2,300000,300000,75335,224665,4225,proposal_budget_exhausted,False,,1714,3709,7,2,16631,1,1,1,1,7825,1,1,1,1,7825,cb2cf478687f58c1debd5cd29200547810f96a8d9b1ae4cb7eb87607ecff4ef1,55c4a47a1f5efa5774e8cb83d9ae08d4a67a1d35977e7d6692d29ed03945f364,55c4a47a1f5efa5774e8cb83d9ae08d4a67a1d35977e7d6692d29ed03945f364,a98141a794ec744da4f81dbe4384a8964572356d6ac824cce3b0b6a45f57b1c4
42,primitive_q4_knn8,12,4,5,4,deterministic_random,deterministic_random_seed_16884913179770522674,1,12190641948066191856,d79d375055b006ce804355602a5374448ae9b33dbb2c1819c22b63832fe410c2,300000,243378,60757,182621,4113,target_feasible,True,243378,1655,3459,7,1,16330,0,0,0,267,8140,0,0,0,267,8140,f465ab5cb85fca3c9e6e8555320ef09c4a2b0430111f3d0626b07d21de438ab4,1fe3186c254ddc41eede5d6b0f14a493e1016bdc337ba2d721f5ea0d14adab94,1fe3186c254ddc41eede5d6b0f14a493e1016bdc337ba2d721f5ea0d14adab94,abd8e573a6632d8111f9ab6b5416fb2ca2ed4d882fb5845d08ed0cefdefbe9d3
43,primitive_q4_knn8,14,1,2,1,stage3_baseline,cartesian_coordinate_gray,0,8335278336125476806,d79d375055b006ce804355602a5374448ae9b33dbb2c1819c22b63832fe410c2,300000,300000,75099,224901,611,proposal_budget_exhausted,False,,972,1872,6,6,6408,825,1229,5,3,5923,825,1229,5,3,5923,fdc7ac4e2b464b211e5793109c97bb6b8ca885203bd1dcfebda42d5d2cb2e765,15716d0741b11b5416597c2fb108ecc945ba3c96867ccbe46ff5dff58170b6f8,15716d0741b11b5416597c2fb108ecc945ba3c96867ccbe46ff5dff58170b6f8,0011b2c33b293a544eecdcf19880b0f141cdf4611fa4b871036c76badbd80695
43,primitive_q4_knn8,14,1,2,2,stage3_baseline,cartesian_coordinate_gray,1,7985562728915252605,d79d375055b006ce804355602a5374448ae9b33dbb2c1819c22b63832fe410c2,300000,300000,75380,224620,699,proposal_budget_exhausted,False,,972,1872,6,6,6408,809,1214,4,19,5894,809,1214,4,19,5894,fdc7ac4e2b464b211e5793109c97bb6b8ca885203bd1dcfebda42d5d2cb2e765,f9cdb5efdc6749470f0558bdc1a2fe984a7a5870b3dbdbd6a8fecdfabd8edd37,f9cdb5efdc6749470f0558bdc1a2fe984a7a5870b3dbdbd6a8fecdfabd8edd37,1ad2ae7170ae11e9cd952b366dbc41ece4ab470f292248a089c9082cba995ddc
43,primitive_q4_knn8,14,1,2,3,deterministic_random,deterministic_random_seed_2651092646714413287,0,2597538690453282927,d79d375055b006ce804355602a5374448ae9b33dbb2c1819c22b63832fe410c2,300000,300000,74723,225277,16398,proposal_budget_exhausted,False,,2724,13548,11,2,19019,1668,5602,9,8,10909,1668,5602,9,8,10909,79647942c9ca908189f6d425e036464a9588f1f32868e858cce662473f1f6f8c,0e55d8e5bbc27fac6ca979d11a69801ef48830c630a6b4b3f5b6a9ee9492be64,2934ba8070d6daaf480f5dbb0082838e7ec6b5dd0e3e508f2589f8248c6f8b81,55295243dd1f98a84053f580d65ea4038ac43469509e23fcfa83dfb20d18573e
43,primitive_q4_knn8,14,1,2,4,deterministic_random,deterministic_random_seed_4922211809631651925,1,3281870177061657419,d79d375055b006ce804355602a5374448ae9b33dbb2c1819c22b63832fe410c2,300000,300000,75280,224720,16959,proposal_budget_exhausted,False,,2719,13726,11,1,19196,1700,5528,11,1,10845,1700,5528,11,1,10845,f400b7194e4af137011c70313903526872d5777e1912abd1f9114775592afaef,f88cd298c95101795d6fc55dd47aa3fdf9a6a652a78c30d0301c6aa28af775b7,f88cd298c95101795d6fc55dd47aa3fdf9a6a652a78c30d0301c6aa28af775b7,90c0be63d4c442da2331cb8db1ccd7797191cb7cf5a08cf67e5237fc26ab08e6
43,primitive_q4_knn8,14,2,3,1,stage3_baseline,cartesian_coordinate_gray,0,16249216074293228775,d79d375055b006ce804355602a5374448ae9b33dbb2c1819c22b63832fe410c2,300000,300000,74918,225082,485,proposal_budget_exhausted,False,,522,900,5,6,6408,189,214,3,1,6200,189,214,3,1,6200,fdc7ac4e2b464b211e5793109c97bb6b8ca885203bd1dcfebda42d5d2cb2e765,bd49b98da77df9a1c1399ff5e52122d2e4d7461b17538b10ecb2422d6bd94af4,fe277c4af62c4eacbf8d7392923603f7f3e12856d2a3850f0198945964913fc9,0245232b4720abff34927d030f07635eff8c86c2a43d0ba373f438f1f0c3a5f0
43,primitive_q4_knn8,14,2,3,2,stage3_baseline,cartesian_coordinate_gray,1,2703474359323426895,d79d375055b006ce804355602a5374448ae9b33dbb2c1819c22b63832fe410c2,300000,300000,74965,225035,493,proposal_budget_exhausted,False,,522,900,5,6,6408,211,247,3,4,6203,211,247,3,4,6203,fdc7ac4e2b464b211e5793109c97bb6b8ca885203bd1dcfebda42d5d2cb2e765,ff51698f5af59708ef61918cef5b61aae690ff4b8b7e453fe4f12dcfcbee215d,cde897c9ca53a683ef957dc3c4b95948994dfaf7f79a1ec64d2e0a0a69fa6e6f,286ff95c32e8d90a674f67194429d60be8b7c14637e529ceea6d870ba8362997
43,primitive_q4_knn8,14,2,3,3,deterministic_random,deterministic_random_seed_12040291156453272791,0,8623089451574960544,d79d375055b006ce804355602a5374448ae9b33dbb2c1819c22b63832fe410c2,300000,300000,75163,224837,7513,proposal_budget_exhausted,False,,2651,10981,10,3,19161,1078,2601,9,2,10056,1078,2601,9,2,10056,bb9ff00723e65a77de4f0696a5e359e0f0271e7ea219c9288b8fddcdf7116b22,bf456a7fe8b6f4ed9ba2543e94eeb522078cd54c89dc96dfbc4230cbb0f28b0d,bf456a7fe8b6f4ed9ba2543e94eeb522078cd54c89dc96dfbc4230cbb0f28b0d,faadec94465ed61f005a5331d97f797835733f82e38e66f0fd1c09f73583e17a
43,primitive_q4_knn8,14,2,3,4,deterministic_random,deterministic_random_seed_17794650058873499274,1,6332412999034125635,d79d375055b006ce804355602a5374448ae9b33dbb2c1819c22b63832fe410c2,300000,300000,74691,225309,7142,proposal_budget_exhausted,False,,2644,11074,11,1,19255,997,2385,8,4,9658,997,2385,8,4,9658,800a289c4cb682ae4f6c9d7014eec591aca55efc795a48e6ce8729acfd9d9ef0,c787cda6bb73f0bb08ecc26469899273b7beaf8abdea4fb59b20afa09c908f60,c787cda6bb73f0bb08ecc26469899273b7beaf8abdea4fb59b20afa09c908f60,bf088e503cf73d9d0488d84cb1560e4aa547648e243ad2ff075cf18078ee7e2b
43,primitive_q4_knn8,14,3,4,1,stage3_baseline,cartesian_coordinate_gray,0,10881400097831191170,d79d375055b006ce804355602a5374448ae9b33dbb2c1819c22b63832fe410c2,300000,300000,74755,225245,671,proposal_budget_exhausted,False,,264,378,4,6,6408,28,31,2,3,7152,28,31,2,3,7152,fdc7ac4e2b464b211e5793109c97bb6b8ca885203bd1dcfebda42d5d2cb2e765,6a3d52cd3dd4fdf8dbf13f71c27b59ff28904c25712087cba7369aeeece44431,6a3d52cd3dd4fdf8dbf13f71c27b59ff28904c25712087cba7369aeeece44431,2cba2979aa2c3820a9357a108ef7b48095cb23a4c556af79996cc9f5b4d69760
43,primitive_q4_knn8,14,3,4,2,stage3_baseline,cartesian_coordinate_gray,1,1960230956714597373,d79d375055b006ce804355602a5374448ae9b33dbb2c1819c22b63832fe410c2,300000,300000,74367,225633,700,proposal_budget_exhausted,False,,264,378,4,6,6408,19,19,1,19,6989,19,19,1,19,6989,fdc7ac4e2b464b211e5793109c97bb6b8ca885203bd1dcfebda42d5d2cb2e765,b346e78a3243549d887e019229ebfcc24b524d29f49024b237de88ac1ad975a2,b346e78a3243549d887e019229ebfcc24b524d29f49024b237de88ac1ad975a2,44065dc28b7fa024a99082de6c33737c235b0f03cab2a32388a4f8d505fbbe70
43,primitive_q4_knn8,14,3,4,3,deterministic_random,deterministic_random_seed_18390855571753213875,0,6243279378682233146,d79d375055b006ce804355602a5374448ae9b33dbb2c1819c22b63832fe410c2,300000,300000,75128,224872,3987,proposal_budget_exhausted,False,,2498,8355,9,4,19212,382,634,4,16,9894,382,634,4,16,9894,e7bfffc237a6bbfc21628cf13d012546165e38abae5c6938da24034f9cdc1504,477b3e1f7053ca290bb279b190c3aef89b2bf500e0f9afecee09b421a19aa348,477b3e1f7053ca290bb279b190c3aef89b2bf500e0f9afecee09b421a19aa348,67d1e10d4887f03e9e3f0057fe782fe10cea301158220d4cce9a7053ed11e0c2
43,primitive_q4_knn8,14,3,4,4,deterministic_random,deterministic_random_seed_12275008848295864945,1,3438815299825641345,d79d375055b006ce804355602a5374448ae9b33dbb2c1819c22b63832fe410c2,300000,300000,75204,224796,3996,proposal_budget_exhausted,False,,2480,8076,8,6,18905,412,749,7,1,10080,412,749,7,1,10080,cce10e4ee4ba5afcec99fed284ceaa8d1e8a8d30e8162dba21af261a6431bfcf,3b01bd25b85d28e6f7e995ab86e75bfbf952f6a685260b4f41b4baaadb8cb1a8,3b01bd25b85d28e6f7e995ab86e75bfbf952f6a685260b4f41b4baaadb8cb1a8,0bd0ed8c1b0e0f0d8be83f01254b665dc14acf88b863914708e97752e021636c
43,primitive_q4_knn8,14,4,5,1,stage3_baseline,cartesian_coordinate_gray,0,1619185180629711354,d79d375055b006ce804355602a5374448ae9b33dbb2c1819c22b63832fe410c2,300000,300000,74734,225266,1453,proposal_budget_exhausted,False,,84,114,3,6,6408,3,3,1,3,8129,3,3,1,3,8129,fdc7ac4e2b464b211e5793109c97bb6b8ca885203bd1dcfebda42d5d2cb2e765,ef68a559971d1352323f7103e32cf5f5077ecfdaa135c1ed2cb3645b00252be2,c82ca9c022ac7c4e0627b49ed1949c471458c67fdf9b9921349aa120ec7db3d3,3dc2d54096e9d34b8d8b644a42c65f34c0365b998025ef4e90a29617ad2db2bd
43,primitive_q4_knn8,14,4,5,2,stage3_baseline,cartesian_coordinate_gray,1,5207447643521820254,d79d375055b006ce804355602a5374448ae9b33dbb2c1819c22b63832fe410c2,300000,278473,69491,208982,1459,target_feasible,True,278473,84,114,3,6,6408,0,0,0,310,8369,0,0,0,310,8369,fdc7ac4e2b464b211e5793109c97bb6b8ca885203bd1dcfebda42d5d2cb2e765,8c41b29ed83f54db0fed0547e28ae24d2b4c6807535f65e3173909a4e465ca35,8c41b29ed83f54db0fed0547e28ae24d2b4c6807535f65e3173909a4e465ca35,83d72714aeea743edcefaeff5c13a18799e6558beefbd0994681823461918d03
43,primitive_q4_knn8,14,4,5,3,deterministic_random,deterministic_random_seed_1793486895119842821,0,14895430040469082665,d79d375055b006ce804355602a5374448ae9b33dbb2c1819c22b63832fe410c2,300000,300000,74724,225276,3404,proposal_budget_exhausted,False,,2147,5751,8,2,19133,51,63,3,4,10037,51,63,3,4,10037,cc7e085742a1fcaad6b1a44f3873f97cf90b56e927c2b8d1aa126f526414ac2f,c83d86ccdd7c29b21ff523aa542c344103b121aa2f4252ce1e8fc4c76708c196,c83d86ccdd7c29b21ff523aa542c344103b121aa2f4252ce1e8fc4c76708c196,aaca83d8b995fb9fb26369293350def0daeb4c9bc95f27f45de6d90928a24822
43,primitive_q4_knn8,14,4,5,4,deterministic_random,deterministic_random_seed_251705341113461051,1,10222789150521964346,d79d375055b006ce804355602a5374448ae9b33dbb2c1819c22b63832fe410c2,300000,300000,75257,224743,3538,proposal_budget_exhausted,False,,2195,5914,7,17,19287,55,69,3,3,10000,55,69,3,3,10000,85f6cc427ef5fc36b8696cd47e4b40745c9493a14ada8d5720f809544b7e82dd,d0f4018c136b064dec4381166587319561b539d1616ec24ee7559384027afc89,d0f4018c136b064dec4381166587319561b539d1616ec24ee7559384027afc89,4ab55980528fbd5ad61aec4931e72d10034f0a7b5e86a7d57c4b8d909e10b91c
